# ************************************************************
# Sequel Pro SQL dump
# Version 4541
#
# http://www.sequelpro.com/
# https://github.com/sequelpro/sequelpro
#
# Host: 120.24.214.120 (MySQL 5.6.21-log)
# Database: kt_338
# Generation Time: 2017-07-11 07:48:50 +0000
# ************************************************************


/*!40101 SET @OLD_CHARACTER_SET_CLIENT=@@CHARACTER_SET_CLIENT */;
/*!40101 SET @OLD_CHARACTER_SET_RESULTS=@@CHARACTER_SET_RESULTS */;
/*!40101 SET @OLD_COLLATION_CONNECTION=@@COLLATION_CONNECTION */;
/*!40101 SET NAMES utf8 */;
/*!40014 SET @OLD_FOREIGN_KEY_CHECKS=@@FOREIGN_KEY_CHECKS, FOREIGN_KEY_CHECKS=0 */;
/*!40101 SET @OLD_SQL_MODE=@@SQL_MODE, SQL_MODE='NO_AUTO_VALUE_ON_ZERO' */;
/*!40111 SET @OLD_SQL_NOTES=@@SQL_NOTES, SQL_NOTES=0 */;


# Dump of table kt_diy_field
# ------------------------------------------------------------

DROP TABLE IF EXISTS `kt_diy_field`;

CREATE TABLE `kt_diy_field` (
  `id` int(11) unsigned NOT NULL AUTO_INCREMENT,
  `name` varchar(255) DEFAULT NULL,
  `desc` text,
  `img` varchar(255) DEFAULT NULL,
  `imgs` text,
  PRIMARY KEY (`id`)
) ENGINE=InnoDB DEFAULT CHARSET=utf8mb4;

LOCK TABLES `kt_diy_field` WRITE;
/*!40000 ALTER TABLE `kt_diy_field` DISABLE KEYS */;

INSERT INTO `kt_diy_field` (`id`, `name`, `desc`, `img`, `imgs`)
VALUES
	(1,'字段1','111','',''),
	(2,'字段2','字段2字段2','','');

/*!40000 ALTER TABLE `kt_diy_field` ENABLE KEYS */;
UNLOCK TABLES;


# Dump of table kt_imgs
# ------------------------------------------------------------

DROP TABLE IF EXISTS `kt_imgs`;

CREATE TABLE `kt_imgs` (
  `id` int(11) unsigned NOT NULL AUTO_INCREMENT,
  `tid` int(11) DEFAULT '0',
  `img_url` varchar(255) DEFAULT NULL,
  `title` varchar(50) DEFAULT NULL,
  `link` varchar(255) DEFAULT NULL,
  `sort` int(11) DEFAULT '1',
  `c_time` int(11) DEFAULT '0',
  `status` tinyint(1) DEFAULT '1',
  PRIMARY KEY (`id`)
) ENGINE=InnoDB DEFAULT CHARSET=utf8mb4;

LOCK TABLES `kt_imgs` WRITE;
/*!40000 ALTER TABLE `kt_imgs` DISABLE KEYS */;

INSERT INTO `kt_imgs` (`id`, `tid`, `img_url`, `title`, `link`, `sort`, `c_time`, `status`)
VALUES
	(1,1,'/uploads/20170620/2017062014405757571025.png','2','',1,1497940860,1),
	(2,1,'/uploads/20170620/2017062014405757571025.png','2','',1,1497940861,1),
	(3,4,'/uploads/20170621/2017062117294910056485.jpg','111','',1,1498037322,1),
	(4,5,'/uploads/20170621/2017062119064553101555.jpg','11','',1,1498043210,1),
	(5,5,'/uploads/20170621/2017062119064553101555.jpg','11','',1,1498043212,1),
	(6,5,'/uploads/20170621/2017062119064553101555.jpg','11','',1,1498043212,1),
	(7,5,'/uploads/20170621/2017062119064553101555.jpg','11','',1,1498043213,1),
	(8,5,'/uploads/20170621/2017062119064553101555.jpg','11','',1,1498043213,1),
	(9,5,'/uploads/20170621/2017062119064553101555.jpg','11','',1,1498043213,1),
	(10,3,'/uploads/20170621/2017062119121510253999.jpg','111','',1,1498043539,1),
	(11,6,'/uploads/20170621/2017062119135450985351.jpg','33','',1,1498043637,1),
	(12,6,'/uploads/20170621/2017062119140157101485.jpg','33','',1,1498043643,1),
	(13,6,'/uploads/20170621/2017062119140848100565.jpg','33','',1,1498043650,1),
	(14,7,'/uploads/20170621/2017062119142549101539.jpg','33','',1,1498043667,1),
	(15,7,'/uploads/20170621/2017062119142549101539.jpg','33','',1,1498043667,1),
	(16,7,'/uploads/20170621/2017062119142549101539.jpg','33','',1,1498043667,1),
	(17,7,'/uploads/20170621/2017062119143357100489.jpg','33','',1,1498043675,1),
	(18,7,'/uploads/20170621/2017062119143357100489.jpg','33','',1,1498043675,1),
	(19,7,'/uploads/20170621/2017062119143357100489.jpg','33','',1,1498043675,1);

/*!40000 ALTER TABLE `kt_imgs` ENABLE KEYS */;
UNLOCK TABLES;


# Dump of table kt_nav
# ------------------------------------------------------------

DROP TABLE IF EXISTS `kt_nav`;

CREATE TABLE `kt_nav` (
  `id` int(11) unsigned NOT NULL AUTO_INCREMENT,
  `name` varchar(50) DEFAULT NULL,
  `sub_name` varchar(100) DEFAULT NULL,
  `icon` varchar(255) DEFAULT NULL,
  `open_type` tinyint(1) DEFAULT '1',
  `templet` varchar(255) DEFAULT NULL,
  `content` text,
  `c_time` int(11) DEFAULT '0',
  `status` tinyint(1) DEFAULT '1',
  `keywords` varchar(255) DEFAULT NULL,
  `description` varchar(500) DEFAULT NULL,
  `sort` int(11) DEFAULT '0',
  `up_id` int(11) DEFAULT '0',
  `img` varchar(255) DEFAULT NULL,
  `type` tinyint(1) DEFAULT '1',
  `templet_detail` varchar(255) DEFAULT NULL,
  PRIMARY KEY (`id`)
) ENGINE=InnoDB DEFAULT CHARSET=utf8mb4;

LOCK TABLES `kt_nav` WRITE;
/*!40000 ALTER TABLE `kt_nav` DISABLE KEYS */;

INSERT INTO `kt_nav` (`id`, `name`, `sub_name`, `icon`, `open_type`, `templet`, `content`, `c_time`, `status`, `keywords`, `description`, `sort`, `up_id`, `img`, `type`, `templet_detail`)
VALUES
	(1,'首页1','111','',1,'index',NULL,1497920037,1,'','',1,0,'/uploads/20170621/2017062118384351505110.jpg,/uploads/20170621/2017062118384351505710.jpg,/uploads/20170621/2017062118384351501021.jpg',1,'0'),
	(2,'关于我们','about us','',1,'about',NULL,1497920040,1,'','',2,0,'/uploads/20170621/2017062119404710252575.jpg',1,'0'),
	(3,'新闻中心','','',1,'news',NULL,1497920047,1,'','',6,0,'/uploads/20170621/2017062114121310049555.jpg',1,'news-ny'),
	(4,'产品中心','','',1,'product',NULL,1497920064,1,'','',5,0,'/uploads/20170621/2017062117303710052529.jpg',1,'product-ny'),
	(5,'联系我们','1','',1,'contact',NULL,1497920067,1,'','',5,0,'/uploads/20170621/2017062118212755541025.jpg',1,'0'),
	(6,'子菜单1','','',1,'',NULL,1497920082,1,'','',4,1,NULL,1,NULL),
	(7,'子菜单2','','',1,'',NULL,1497920085,1,'','',3,1,NULL,1,NULL),
	(8,'子菜单3','3242','',1,'0',NULL,1497920090,1,'','',5,1,'/uploads/20170627/2017062701184250561029.png',1,'0'),
	(9,'子菜单21','','',1,'0','<p><span style=\"color: rgb(51, 51, 51); font-family: 微软雅黑; font-size: 14px; text-indent: 28px; background-color: rgb(255, 255, 255);\">公司前期是英国有机农业研究所，成立于1872年。1955年成立碧绿源作物营养保护有限公司，一直致力于有机生态农业的发展，公司旗下有戴维斯，沃克院士领导的博士，硕士研发团队二十多人在世界有机生态全营养功能液肥研究课题上权威领导团队。 公司始终致力于绿色有机生态农业的发展，秉承科学农业方针，愿与业界各方致力于发展有机农业，科学农业的团体人士精诚合作，共同发展。 碧果作为农业高端有机型液肥，采用深海鱼油等多类珍贵物质，补充不同作物各个时期的全面营养需求，全面改善作物生长状态及品质，显著提高产量</span></p>',1497920097,1,'','',0,2,'',1,'0'),
	(10,'子菜单22','','',1,'0','<p style=\"box-sizing: border-box; margin-top: 0px; margin-bottom: 0px; line-height: 30px; text-indent: 2em;\">作为专业的营养液研发制造企业、碧绿源在此领域拥有最新的技术和高端的设备，微客户提供国际品质的碧绿源产品，严格执行ISO900：.2000国际管理体系。</p><p style=\"box-sizing: border-box; margin-top: 0px; margin-bottom: 0px; line-height: 30px; text-indent: 2em;\">每个产品均按标准组织生产，检验、从原料，半成品，中间生产环节到成品有15个以上检测成语，确定产品各项指标符合产品标准要求。</p><p style=\"box-sizing: border-box; margin-top: 0px; margin-bottom: 0px; line-height: 30px; text-indent: 2em;\">专业品质的保证、专业化的经营、科学化的管理、标准化的流程、高品质的产品，给碧绿源获得了更多参与国际市场竞争的机会。</p><p><img src=\"http://by.demo.ktwlkj.com/biguo/images/about1.png\" alt=\"\"/></p><p><img src=\"http://by.demo.ktwlkj.com/biguo/images/about2.png\" alt=\"\"/></p><p><img src=\"http://by.demo.ktwlkj.com/biguo/images/about3.png\" alt=\"\"/></p><p><img src=\"http://by.demo.ktwlkj.com/biguo/images/about4.png\" alt=\"\"/></p><p><img src=\"http://by.demo.ktwlkj.com/biguo/images/about5.png\" alt=\"\"/></p><p><img src=\"http://by.demo.ktwlkj.com/biguo/images/about6.png\" alt=\"\"/></p><p><br/></p>',1497920100,1,'','',0,2,'',1,'0'),
	(11,'子菜单23','','',1,'0','<h2 style=\"box-sizing: border-box; font-family: inherit; font-weight: normal; line-height: 24px; color: rgb(76, 177, 202); margin: 15px 0px; font-size: 16px; text-indent: 0em; border-left-style: solid; border-left-width: 5px; padding-left: 15px;\">齐心协力 共创未来</h2><p style=\"box-sizing: border-box; margin-top: 0px; margin-bottom: 0px; line-height: 30px; text-indent: 2em;\">英国碧绿源作物营养保护有限公司是、研发、生产、销售为一体的国际集团。跟法国瑞士有机农业研究是长期的战略合作伙伴。 公司前期是英国有机农业研究所，成立于1872年。1955年成立碧绿源作物营养保护有限公司，一直致力于有机生态农业的发展，公司旗下有戴维斯，沃克院士领导的博士，硕士研发团队二十多人在世界有机生态全营养功能液肥研究课题上权威领导团队。 公司始终致力于绿色有机生态农业的发展，秉承科学农业方针，愿与业界各方致力于发展有机农业，科学农业的团体人士精诚合作，共同发展。</p><p style=\"box-sizing: border-box; margin-top: 0px; margin-bottom: 0px; line-height: 30px; text-indent: 2em;\">我们公司经过多年的发展，客户遍布全国各地，涉及行业广泛。我 们本着“用户至上、信誉第一”宗旨，热诚为新老客户服务，欢迎全 国各地的客商来电洽谈。</p><h2 style=\"box-sizing: border-box; font-family: inherit; font-weight: normal; line-height: 24px; color: rgb(76, 177, 202); margin: 15px 0px; font-size: 16px; text-indent: 0em; border-left-style: solid; border-left-width: 5px; padding-left: 15px;\">创意</h2><p style=\"box-sizing: border-box; margin-top: 0px; margin-bottom: 0px; line-height: 30px; text-indent: 2em;\">体验经济时代的企业，其存续的关键在于创意，创意源自于全体同仁观念，与思想的革新，我们凝聚的是经营、战略、营销、产品与服务的创意与创新能力，持续公司的成长力。</p><h2 style=\"box-sizing: border-box; font-family: inherit; font-weight: normal; line-height: 24px; color: rgb(76, 177, 202); margin: 15px 0px; font-size: 16px; text-indent: 0em; border-left-style: solid; border-left-width: 5px; padding-left: 15px;\">生意</h2><p style=\"box-sizing: border-box; margin-top: 0px; margin-bottom: 0px; line-height: 30px; text-indent: 2em;\">有创意、才有生意，个人有超越自我的企图心，与核心竞争力，公司才有持续生长的生命力与落实使命的执行力量。</p><h2 style=\"box-sizing: border-box; font-family: inherit; font-weight: normal; line-height: 24px; color: rgb(76, 177, 202); margin: 15px 0px; font-size: 16px; text-indent: 0em; border-left-style: solid; border-left-width: 5px; padding-left: 15px;\">诚意</h2><p style=\"box-sizing: border-box; margin-top: 0px; margin-bottom: 0px; line-height: 30px; text-indent: 2em;\">诚实有信用，以诚意为客户着想，服务客户，同仁之间以诚意相互信任，照顾与提携，这是工作行为的最高准则，</p><p><br/></p>',1497920105,1,'','',0,2,'',1,'0'),
	(12,'新闻1',NULL,'',1,'news',NULL,1497958516,1,'','',1,3,'',1,NULL),
	(13,'新闻2','212','',1,'news',NULL,1497958521,1,'','',0,20,'',1,'0'),
	(14,'新闻3',NULL,'',1,'news',NULL,1497958525,1,'','',2,3,'',1,NULL),
	(16,'果树专用肥',NULL,'',1,'0',NULL,1498025621,1,'','',1,4,'',1,'0'),
	(17,'大量元素水溶肥料',NULL,'',1,'0',NULL,1498025631,1,'','',0,4,'',1,'0'),
	(18,'中量元素水溶肥料',NULL,'',1,'0',NULL,1498025639,1,'','',0,4,'',1,'0'),
	(20,'121','222',NULL,1,'0',NULL,1498452920,1,'','',5,7,'',1,'0');

/*!40000 ALTER TABLE `kt_nav` ENABLE KEYS */;
UNLOCK TABLES;


# Dump of table kt_news
# ------------------------------------------------------------

DROP TABLE IF EXISTS `kt_news`;

CREATE TABLE `kt_news` (
  `id` int(11) unsigned NOT NULL AUTO_INCREMENT,
  `title` varchar(255) COLLATE utf8mb4_bin DEFAULT NULL,
  `writer` varchar(50) COLLATE utf8mb4_bin DEFAULT NULL,
  `p_time` int(11) DEFAULT '0',
  `thumb` varchar(255) COLLATE utf8mb4_bin DEFAULT NULL,
  `content` text COLLATE utf8mb4_bin,
  `type_id` int(11) DEFAULT '0',
  `c_time` int(11) DEFAULT '0',
  `status` tinyint(1) DEFAULT NULL,
  `desc` varchar(255) COLLATE utf8mb4_bin DEFAULT '',
  `from` varchar(50) COLLATE utf8mb4_bin DEFAULT '',
  `view_nums` int(11) DEFAULT '0',
  `tid` int(11) DEFAULT '0',
  `keywords` varchar(255) COLLATE utf8mb4_bin DEFAULT NULL,
  `description` varchar(1000) COLLATE utf8mb4_bin DEFAULT NULL,
  `type` tinyint(1) DEFAULT '1' COMMENT '1文章 2产品',
  `imgs` varchar(1000) COLLATE utf8mb4_bin DEFAULT NULL,
  PRIMARY KEY (`id`)
) ENGINE=InnoDB DEFAULT CHARSET=utf8mb4 COLLATE=utf8mb4_bin;

LOCK TABLES `kt_news` WRITE;
/*!40000 ALTER TABLE `kt_news` DISABLE KEYS */;

INSERT INTO `kt_news` (`id`, `title`, `writer`, `p_time`, `thumb`, `content`, `type_id`, `c_time`, `status`, `desc`, `from`, `view_nums`, `tid`, `keywords`, `description`, `type`, `imgs`)
VALUES
	(1,X'31323365343233',X'33333233',1493725126,X'2F75706C6F6164732F32303137303632312F323031373036323131393136353135313937353335332E6A7067',X'3C703E3C7374726F6E67207374796C653D22666F6E742D66616D696C793A207461686F6D612C20617269616C2C20E5AE8BE4BD933B20666F6E742D73697A653A20313470783B206C696E652D6865696768743A2032352E3270783B2077686974652D73706163653A206E6F726D616C3B206261636B67726F756E642D636F6C6F723A20726762283235352C203235352C20323535293B223E61727261795F6B657973282920E5AE9AE4B989E5928CE794A8E6B395266E6273703B3C62722F3E3C2F7374726F6E673E3C7370616E207374796C653D22666F6E742D66616D696C793A207461686F6D612C20617269616C2C20E5AE8BE4BD933B20666F6E742D73697A653A20313470783B206C696E652D6865696768743A2032352E3270783B206261636B67726F756E642D636F6C6F723A20726762283235352C203235352C20323535293B223E61727261795F6B657973282920E587BDE695B0E8BF94E59B9EE58C85E590ABE695B0E7BB84E4B8ADE68980E69C89E994AEE5908DE79A84E4B880E4B8AAE696B0E695B0E7BB84E38082266E6273703B3C2F7370616E3E3C62722F3E3C62722F3E3C7370616E207374796C653D22666F6E742D66616D696C793A207461686F6D612C20617269616C2C20E5AE8BE4BD933B20666F6E742D73697A653A20313470783B206C696E652D6865696768743A2032352E3270783B206261636B67726F756E642D636F6C6F723A20726762283235352C203235352C20323535293B223EE5A682E69E9CE68F90E4BE9BE4BA86E7ACACE4BA8CE4B8AAE58F82E695B0EFBC8CE58899E58FAAE8BF94E59B9EE994AEE580BCE4B8BAE8AFA5E580BCE79A84E994AEE5908DE38082266E6273703B3C2F7370616E3E3C62722F3E3C62722F3E3C7370616E207374796C653D22666F6E742D66616D696C793A207461686F6D612C20617269616C2C20E5AE8BE4BD933B20666F6E742D73697A653A20313470783B206C696E652D6865696768743A2032352E3270783B206261636B67726F756E642D636F6C6F723A20726762283235352C203235352C20323535293B223EE5A682E69E9C2073747269637420E58F82E695B0E68C87E5AE9AE4B8BA2074727565EFBC8CE588992050485020E4BC9AE4BDBFE794A8E585A8E7AD89E6AF94E8BE8320283D3D3D2920E69DA5E4B8A5E6A0BCE6A380E69FA5E994AEE580BCE79A84E695B0E68DAEE7B1BBE59E8BE38082266E6273703B3C2F7370616E3E3C62722F3E3C62722F3E3C7370616E207374796C653D22666F6E742D66616D696C793A207461686F6D612C20617269616C2C20E5AE8BE4BD933B20666F6E742D73697A653A20313470783B206C696E652D6865696768743A2032352E3270783B206261636B67726F756E642D636F6C6F723A20726762283235352C203235352C20323535293B223EE8AFADE6B395266E6273703B3C2F7370616E3E3C62722F3E3C7370616E207374796C653D22666F6E742D66616D696C793A207461686F6D612C20617269616C2C20E5AE8BE4BD933B20666F6E742D73697A653A20313470783B206C696E652D6865696768743A2032352E3270783B206261636B67726F756E642D636F6C6F723A20726762283235352C203235352C20323535293B223E61727261795F6B6579732861727261792C76616C756529266E6273703B3C2F7370616E3E3C62722F3E3C7370616E207374796C653D22666F6E742D66616D696C793A207461686F6D612C20617269616C2C20E5AE8BE4BD933B20666F6E742D73697A653A20313470783B206C696E652D6865696768743A2032352E3270783B206261636B67726F756E642D636F6C6F723A20726762283235352C203235352C20323535293B223EE58F82E695B020E68F8FE8BFB0266E6273703B3C2F7370616E3E3C62722F3E3C7370616E207374796C653D22666F6E742D66616D696C793A207461686F6D612C20617269616C2C20E5AE8BE4BD933B20666F6E742D73697A653A20313470783B206C696E652D6865696768743A2032352E3270783B206261636B67726F756E642D636F6C6F723A20726762283235352C203235352C20323535293B223E617272617920E5BF85E99C80E38082E8A784E5AE9AE8BE93E585A5E79A84E695B0E7BB84E38082266E6273703B3C2F7370616E3E3C62722F3E3C7370616E207374796C653D22666F6E742D66616D696C793A207461686F6D612C20617269616C2C20E5AE8BE4BD933B20666F6E742D73697A653A20313470783B206C696E652D6865696768743A2032352E3270783B206261636B67726F756E642D636F6C6F723A20726762283235352C203235352C20323535293B223E76616C756520E58FAFE98089E38082E68C87E5AE9AE580BCE79A84E7B4A2E5BC95EFBC88E994AEEFBC89E38082266E6273703B3C2F7370616E3E3C62722F3E3C7370616E207374796C653D22666F6E742D66616D696C793A207461686F6D612C20617269616C2C20E5AE8BE4BD933B20666F6E742D73697A653A20313470783B206C696E652D6865696768743A2032352E3270783B206261636B67726F756E642D636F6C6F723A20726762283235352C203235352C20323535293B223E73747269637420E58FAFE98089E38082E4B88E2076616C756520E58F82E695B0E4B880E8B5B7E4BDBFE794A8E38082E58FAFE883BDE79A84E580BCEFBC9A266E6273703B3C2F7370616E3E3C62722F3E3C62722F3E3C7370616E207374796C653D22666F6E742D66616D696C793A207461686F6D612C20617269616C2C20E5AE8BE4BD933B20666F6E742D73697A653A20313470783B206C696E652D6865696768743A2032352E3270783B206261636B67726F756E642D636F6C6F723A20726762283235352C203235352C20323535293B223E74727565202D20E6A0B9E68DAEE7B1BBE59E8BE8BF94E59B9EE5B8A6E69C89E68C87E5AE9AE580BCE79A84E994AEE5908DE38082266E6273703B3C2F7370616E3E3C62722F3E3C7370616E207374796C653D22666F6E742D66616D696C793A207461686F6D612C20617269616C2C20E5AE8BE4BD933B20666F6E742D73697A653A20313470783B206C696E652D6865696768743A2032352E3270783B206261636B67726F756E642D636F6C6F723A20726762283235352C203235352C20323535293B223E66616C7365202D20E9BB98E8AEA4E580BCE38082E4B88DE4BE9DE8B596E7B1BBE59E8BE38082266E6273703B3C2F7370616E3E3C2F703E',2,0,1,X'3131',X'31',1,13,X'',X'',1,NULL),
	(2,X'323232',X'32',1493812891,X'2F75706C6F6164732F32303137303632312F323031373036323131393137303039393938353731302E6A7067',X'3C703E64616461733C2F703E',1,0,1,X'3232',X'',1,13,X'',X'',1,NULL),
	(3,X'E4BD9CE789A9E585BBE68AA4EFBC8CE4BDA0E68782E5BE97E5A49AE5B0913F',X'E5B08FE6988E',1497948168,X'2F75706C6F6164732F32303137303632312F323031373036323131393137333139383937353331302E6A7067',X'3C70207374796C653D22626F782D73697A696E673A20626F726465722D626F783B20666F6E742D66616D696C793A20E5BEAEE8BDAFE99B85E9BB913B206D617267696E2D746F703A20313070783B206D617267696E2D626F74746F6D3A20313070783B20666F6E742D73697A653A20313470783B20636F6C6F723A207267622835312C2035312C203531293B206C696E652D6865696768743A20323670783B20746578742D696E64656E743A2032656D3B2077686974652D73706163653A206E6F726D616C3B206261636B67726F756E642D636F6C6F723A20726762283235352C203235352C20323535293B223EE4B8BAE6B7B1E585A5E68EA8E8BF9BE6B58BE59C9FE9858DE696B9E696BDE882A5EFBC8CE58AA0E5BFABE9858DE696B9E882A5E68EA8E5B9BFE5BA94E794A8EFBC8CE5B882E5869CE4B89AE5B180E7BB84E7BB87E5B882E38081E58EBFE58CBAE5869CE4B89AE68A80E69CAFE4BABAE59198EFBC8CE5AFB9E585A8E5B882E4B8BBE8A681E5869CE4BD9CE789A9E882A5E69699E9858DE696B9E8BF9BE8A18CE4BA86E7A094E8AEA8EFBC8CE5AFB9E4B88DE5908CE58CBAE59F9FE38081E4B88DE5908CE4BD9CE789A9E79BB8E8BF91E9858DE696B9E8BF9BE8A18CE4BA86E5BD92E7B1BBE59088E5B9B6E4B8BAE6B7B1E585A5E68EA8E8BF9BE6B58BE59C9FE9858DE696B9E696BDE882A5EFBC8CE58AA0E5BFABE9858DE696B9E882A5E68EA8E5B9BFE5BA94E794A8EFBC8CE5B882E5869CE4B89AE5B180E7BB84E7BB87E5B882E38081E58EBFE58CBAE5869CE4B89AE68A80E69CAFE4BABAE59198EFBC8CE5AFB9E585A8E5B882E4B8BBE8A681E5869CE4BD9CE789A9E882A5E69699E9858DE696B9E8BF9BE8A18CE4BA86E7A094E8AEA8EFBC8CE5AFB9E4B88DE5908CE58CBAE59F9FE38081E4B88DE5908CE4BD9CE789A9E79BB8E8BF91E9858DE696B9E8BF9BE8A18CE4BA86E5BD92E7B1BBE59088E5B9B6EFBC813C2F703E3C70207374796C653D22626F782D73697A696E673A20626F726465722D626F783B20666F6E742D66616D696C793A20E5BEAEE8BDAFE99B85E9BB913B206D617267696E2D746F703A20313070783B206D617267696E2D626F74746F6D3A20313070783B20666F6E742D73697A653A20313470783B20636F6C6F723A207267622835312C2035312C203531293B206C696E652D6865696768743A20323670783B20746578742D696E64656E743A2032656D3B2077686974652D73706163653A206E6F726D616C3B206261636B67726F756E642D636F6C6F723A20726762283235352C203235352C20323535293B223E3C62722F3E3C2F703E3C703E3C696D67207372633D22696D616765732F6E657773322E6A7067222F3E3C2F703E3C70207374796C653D22626F782D73697A696E673A20626F726465722D626F783B20666F6E742D66616D696C793A20E5BEAEE8BDAFE99B85E9BB913B206D617267696E2D746F703A20313070783B206D617267696E2D626F74746F6D3A20313070783B20666F6E742D73697A653A20313470783B20636F6C6F723A207267622835312C2035312C203531293B206C696E652D6865696768743A20323670783B20746578742D696E64656E743A2032656D3B2077686974652D73706163653A206E6F726D616C3B206261636B67726F756E642D636F6C6F723A20726762283235352C203235352C20323535293B223E3C62722F3E3C2F703E3C70207374796C653D22626F782D73697A696E673A20626F726465722D626F783B20666F6E742D66616D696C793A20E5BEAEE8BDAFE99B85E9BB913B206D617267696E2D746F703A20313070783B206D617267696E2D626F74746F6D3A20313070783B20666F6E742D73697A653A20313470783B20636F6C6F723A207267622835312C2035312C203531293B206C696E652D6865696768743A20323670783B20746578742D696E64656E743A2032656D3B2077686974652D73706163653A206E6F726D616C3B206261636B67726F756E642D636F6C6F723A20726762283235352C203235352C20323535293B223E32303136E5B9B439E69C883330E697A5EFBC8CE4B8BAE6B7B1E585A5E68EA8E8BF9BE6B58BE59C9FE9858DE696B9E696BDE882A5EFBC8CE58AA0E5BFABE9858DE696B9E882A5E68EA8E5B9BFE5BA94E794A8EFBC8CE5B882E5869CE4B89AE5B180E7BB84E7BB87E5B882E38081E58EBFE58CBAE5869CE4B89AE68A80E69CAFE4BABAE59198EFBC8CE5AFB9E585A8E5B882E4B8BBE8A681E5869CE4BD9CE789A9E882A5E69699E9858DE696B9E8BF9BE8A18CE4BA86E7A094E8AEA8EFBC8CE5AFB9E4B88DE5908CE58CBAE59F9FE38081E4B88DE5908CE4BD9CE789A9E79BB8E8BF91E9858DE696B9E8BF9BE8A18CE4BA86E5BD92E7B1BBE59088E5B9B6E4B8BAE6B7B1E585A5E68EA8E8BF9BE6B58BE59C9FE9858DE696B9E696BDE882A5EFBC8CE58AA0E5BFABE9858DE696B9E882A5E68EA8E5B9BFE5BA94E794A8EFBC8CE5B882E5869CE4B89AE5B180E7BB84E7BB87E5B882E38081E58EBFE58CBAE5869CE4B89AE68A80E69CAFE4BABAE59198EFBC8CE5AFB9E585A8E5B882E4B8BBE8A681E5869CE4BD9CE789A9E882A5E69699E9858DE696B9E8BF9BE8A18CE4BA86E7A094E8AEA8EFBC8CE5AFB9E4B88DE5908CE58CBAE59F9FE38081E4B88DE5908CE4BD9CE789A9E79BB8E8BF91E9858DE696B9E8BF9BE8A18CE4BA86E5BD92E7B1BBE59088E5B9B6EFBC813C2F703E3C70207374796C653D22626F782D73697A696E673A20626F726465722D626F783B20666F6E742D66616D696C793A20E5BEAEE8BDAFE99B85E9BB913B206D617267696E2D746F703A20313070783B206D617267696E2D626F74746F6D3A20313070783B20666F6E742D73697A653A20313470783B20636F6C6F723A207267622835312C2035312C203531293B206C696E652D6865696768743A20323670783B20746578742D696E64656E743A2032656D3B2077686974652D73706163653A206E6F726D616C3B206261636B67726F756E642D636F6C6F723A20726762283235352C203235352C20323535293B223EE4B8BAE6B7B1E585A5E68EA8E8BF9BE6B58BE59C9FE9858DE696B9E696BDE882A5EFBC8CE58AA0E5BFABE9858DE696B9E882A5E68EA8E5B9BFE5BA94E794A8EFBC8CE5B882E5869CE4B89AE5B180E7BB84E7BB87E5B882E38081E58EBFE58CBAE5869CE4B89AE68A80E69CAFE4BABAE59198EFBC8CE5AFB9E585A8E5B882E4B8BBE8A681E5869CE4BD9CE789A9E882A5E69699E9858DE696B9E8BF9BE8A18CE4BA86E7A094E8AEA8EFBC8CE5AFB9E4B88DE5908CE58CBAE59F9FE38081E4B88DE5908CE4BD9CE789A9E79BB8E8BF91E9858DE696B9E8BF9BE8A18CE4BA86E5BD92E7B1BBE59088E5B9B6E4B8BAE6B7B1E585A5E68EA8E8BF9BE6B58BE59C9FE9858DE696B9E696BDE882A5EFBC8CE58AA0E5BFABE9858DE696B9E882A5E68EA8E5B9BFE5BA94E794A8EFBC8CE5B882E5869CE4B89AE5B180E7BB84E7BB87E5B882E38081E58EBFE58CBAE5869CE4B89AE68A80E69CAFE4BABAE59198EFBC8CE5AFB9E585A8E5B882E4B8BBE8A681E5869CE4BD9CE789A9E882A5E69699E9858DE696B9E8BF9BE8A18CE4BA86E7A094E8AEA8EFBC8CE5AFB9E4B88DE5908CE58CBAE59F9FE38081E4B88DE5908CE4BD9CE789A9E79BB8E8BF91E9858DE696B9E8BF9BE8A18CE4BA86E5BD92E7B1BBE59088E5B9B6EFBC813C2F703E3C70207374796C653D22626F782D73697A696E673A20626F726465722D626F783B20666F6E742D66616D696C793A20E5BEAEE8BDAFE99B85E9BB913B206D617267696E2D746F703A20313070783B206D617267696E2D626F74746F6D3A20313070783B20666F6E742D73697A653A20313470783B20636F6C6F723A207267622835312C2035312C203531293B206C696E652D6865696768743A20323670783B20746578742D696E64656E743A2032656D3B2077686974652D73706163653A206E6F726D616C3B206261636B67726F756E642D636F6C6F723A20726762283235352C203235352C20323535293B223EE4B8BAE6B7B1E585A5E68EA8E8BF9BE6B58BE59C9FE9858DE696B9E696BDE882A5EFBC8CE58AA0E5BFABE9858DE696B9E882A5E68EA8E5B9BFE5BA94E794A8EFBC8CE5B882E5869CE4B89AE5B180E7BB84E7BB87E5B882E38081E58EBFE58CBAE5869CE4B89AE68A80E69CAFE4BABAE59198EFBC8CE5AFB9E585A8E5B882E4B8BBE8A681E5869CE4BD9CE789A9E882A5E69699E9858DE696B9E8BF9BE8A18CE4BA86E7A094E8AEA8EFBC8CE5AFB9E4B88DE5908CE58CBAE59F9FE38081E4B88DE5908CE4BD9CE789A9E79BB8E8BF91E9858DE696B9E8BF9BE8A18CE4BA86E5BD92E7B1BBE59088E5B9B6E4B8BAE6B7B1E585A5E68EA8E8BF9BE6B58BE59C9FE9858DE696B9E696BDE882A5EFBC8CE58AA0E5BFABE9858DE696B9E882A5E68EA8E5B9BFE5BA94E794A8EFBC8CE5B882E5869CE4B89AE5B180E7BB84E7BB87E5B882E38081E58EBFE58CBAE5869CE4B89AE68A80E69CAFE4BABAE59198EFBC8CE5AFB9E585A8E5B882E4B8BBE8A681E5869CE4BD9CE789A9E882A5E69699E9858DE696B9E8BF9BE8A18CE4BA86E7A094E8AEA8EFBC8CE5AFB9E4B88DE5908CE58CBAE59F9FE38081E4B88DE5908CE4BD9CE789A9E79BB8E8BF91E9858DE696B9E8BF9BE8A18CE4BA86E5BD92E7B1BBE59088E5B9B6EFBC813C2F703E3C70207374796C653D22626F782D73697A696E673A20626F726465722D626F783B20666F6E742D66616D696C793A20E5BEAEE8BDAFE99B85E9BB913B206D617267696E2D746F703A20313070783B206D617267696E2D626F74746F6D3A20313070783B20666F6E742D73697A653A20313470783B20636F6C6F723A207267622835312C2035312C203531293B206C696E652D6865696768743A20323670783B20746578742D696E64656E743A2032656D3B2077686974652D73706163653A206E6F726D616C3B206261636B67726F756E642D636F6C6F723A20726762283235352C203235352C20323535293B223EE4B8BAE6B7B1E585A5E68EA8E8BF9BE6B58BE59C9FE9858DE696B9E696BDE882A5EFBC8CE58AA0E5BFABE9858DE696B9E882A5E68EA8E5B9BFE5BA94E794A8EFBC8CE5B882E5869CE4B89AE5B180E7BB84E7BB87E5B882E38081E58EBFE58CBAE5869CE4B89AE68A80E69CAFE4BABAE59198EFBC813C2F703E3C70207374796C653D22626F782D73697A696E673A20626F726465722D626F783B20666F6E742D66616D696C793A20E5BEAEE8BDAFE99B85E9BB913B206D617267696E2D746F703A20313070783B206D617267696E2D626F74746F6D3A20313070783B20666F6E742D73697A653A20313470783B20636F6C6F723A207267622835312C2035312C203531293B206C696E652D6865696768743A20323670783B20746578742D696E64656E743A2032656D3B2077686974652D73706163653A206E6F726D616C3B206261636B67726F756E642D636F6C6F723A20726762283235352C203235352C20323535293B223EE5AFB9E585A8E5B882E4B8BBE8A681E5869CE4BD9CE789A9E882A5E69699E9858DE696B9E8BF9BE8A18CE4BA86E7A094E8AEA8EFBC8CE5AFB9E4B88DE5908CE58CBAE59F9FE38081E4B88DE5908CE4BD9CE789A9E79BB8E8BF91E9858DE696B9E8BF9BE8A18CE4BA86E5BD92E7B1BBE59088E5B9B6E4B8BAE6B7B1E585A5E68EA8E8BF9BE6B58BE59C9FE9858DE696B9E696BDE882A5EFBC8CE58AA0E5BFABE9858DE696B9E882A5E68EA8E5B9BFE5BA94E794A8EFBC8CE5B882E5869CE4B89AE5B180E7BB84E7BB87E5B882E38081E58EBFE58CBAE5869CE4B89AE68A80E69CAFE4BABAE59198EFBC8CE5AFB9E585A8E5B882E4B8BBE8A681E5869CE4BD9CE789A9E882A5E69699E9858DE696B9E8BF9BE8A18CE4BA86E7A094E8AEA8EFBC8CE5AFB9E4B88DE5908CE58CBAE59F9FE38081E4B88DE5908CE4BD9CE789A9E79BB8E8BF91E9858DE696B9E8BF9BE8A18CE4BA86E5BD92E7B1BBE59088E5B9B6EFBC813C2F703E3C70207374796C653D22626F782D73697A696E673A20626F726465722D626F783B20666F6E742D66616D696C793A20E5BEAEE8BDAFE99B85E9BB913B206D617267696E2D746F703A20313070783B206D617267696E2D626F74746F6D3A20313070783B20666F6E742D73697A653A20313470783B20636F6C6F723A207267622835312C2035312C203531293B206C696E652D6865696768743A20323670783B20746578742D696E64656E743A2032656D3B2077686974652D73706163653A206E6F726D616C3B206261636B67726F756E642D636F6C6F723A20726762283235352C203235352C20323535293B223EE4B8BAE6B7B1E585A5E68EA8E8BF9BE6B58BE59C9FE9858DE696B9E696BDE882A5EFBC8CE58AA0E5BFABE9858DE696B9E882A5E68EA8E5B9BFE5BA94E794A8EFBC8CE5B882E5869CE4B89AE5B180E7BB84E7BB87E5B882E38081E58EBFE58CBAE5869CE4B89AE68A80E69CAFE4BABAE59198EFBC8CE5AFB9E585A8E5B882E4B8BBE8A681E5869CE4BD9CE789A9E882A5E69699E9858DE696B9E8BF9BE8A18CE4BA86E7A094E8AEA8EFBC8CE5AFB9E4B88DE5908CE58CBAE59F9FE38081E4B88DE5908CE4BD9CE789A9E79BB8E8BF91E9858DE696B9E8BF9BE8A18CE4BA86E5BD92E7B1BBE59088E5B9B6E4B8BAE6B7B1E585A5E68EA8E8BF9BE6B58BE59C9FE9858DE696B9E696BDE882A5EFBC8CE58AA0E5BFABE9858DE696B9E882A5E68EA8E5B9BFE5BA94E794A8EFBC8CE5B882E5869CE4B89AE5B180E7BB84E7BB87E5B882E38081E58EBFE58CBAE5869CE4B89AE68A80E69CAFE4BABAE59198EFBC8CE5AFB9E585A8E5B882E4B8BBE8A681E5869CE4BD9CE789A9E882A5E69699E9858DE696B9E8BF9BE8A18CE4BA86E7A094E8AEA8EFBC8CE5AFB9E4B88DE5908CE58CBAE59F9FE38081E4B88DE5908CE4BD9CE789A9E79BB8E8BF91E9858DE696B9E8BF9BE8A18CE4BA86E5BD92E7B1BBE59088E5B9B6EFBC81E380823C2F703E3C703E3C62722F3E3C2F703E',0,1497948245,1,X'E4B8BAE6B7B1E585A5E68EA8E8BF9BE6B58BE59C9FE9858DE696B9E696BDE882A5EFBC8CE58AA0E5BFABE9858DE696B9E882A5E68EA8E5B9BFE5BA94E794A8EFBC8CE5B882E5869CE4B89AE5B180E7BB84E7BB87E5B882E38081E58EBFE58CBAE5869CE4B89AE68A80E69CAFE4BABAE59198EFBC8CE5AFB9E585A8E5B882E4B8BBE8A681E5869CE4BD9CE789A9E882A5E69699E9858DE696B9E8BF9BE8A18CE4BA86E7A094E8AEA8EFBC8CE5AFB9E4B88DE5908CE58CBAE59F9FE38081E4B88DE5908CE4BD9CE789A9E79BB8E8BF91E9858DE696B9E8BF9BE8A18CE4BA86E5BD92E7B1BBE59088E5B9B6',X'',10,12,X'',X'E4B8BAE6B7B1E585A5E68EA8E8BF9BE6B58BE59C9FE9858DE696B9E696BDE882A5EFBC8CE58AA0E5BFABE9858DE696B9E882A5E68EA8E5B9BFE5BA94E794A8EFBC8CE5B882E5869CE4B89AE5B180E7BB84E7BB87E5B882E38081E58EBFE58CBAE5869CE4B89AE68A80E69CAFE4BABAE59198EFBC8CE5AFB9E585A8E5B882E4B8BBE8A681E5869CE4BD9CE789A9E882A5E69699E9858DE696B9E8BF9BE8A18CE4BA86E7A094E8AEA8EFBC8CE5AFB9E4B88DE5908CE58CBAE59F9FE38081E4B88DE5908CE4BD9CE789A9E79BB8E8BF91E9858DE696B9E8BF9BE8A18CE4BA86E5BD92E7B1BBE59088E5B9B6',1,NULL),
	(4,X'E590B8E7BAB3E8AFB4',X'71',1497872132,X'2F75706C6F6164732F32303137303632312F323031373036323131393138333035343534313030352E6A7067',X'3C703E3231323C2F703E',0,1497958560,1,X'E5958AE5AE9EE68993E5AE9E20',X'',1,12,X'',X'',1,NULL),
	(5,X'E590B8E7BAB3E8AFB4',X'71',1497958532,X'2F75706C6F6164732F32303137303632312F323031373036323131393138333931303235343130302E6A7067',X'3C703E3231323C2F703E',0,1497958563,1,X'E5958AE5AE9EE68993E5AE9E20',X'',1,12,X'6775616E6A69616E7A69',X'6D69616F73687520',1,NULL),
	(6,X'E590B8E7BAB3E8AFB4',X'71',1497440132,X'2F75706C6F6164732F32303137303632312F323031373036323131393137353031303135333535352E6A7067',X'3C703E3231323C2F703E',0,1497958565,1,X'E5958AE5AE9EE68993E5AE9E20',X'',1,3,X'',X'',1,NULL),
	(7,X'E590B8E7BAB3E8AFB4',X'71',1496748932,X'2F75706C6F6164732F32303137303632312F323031373036323131393137353835343938313030352E6A7067',X'3C703E3231323C2F703E',0,1497958567,1,X'E5958AE5AE9EE68993E5AE9E20',X'',1,12,X'',X'',1,NULL),
	(8,X'E590B8E7BAB3E8AFB4',X'71',1497526532,X'2F75706C6F6164732F32303137303632312F323031373036323131393138303834383531353039392E6A7067',X'3C703E3231323C2F703E',0,1497958570,1,X'E5958AE5AE9EE68993E5AE9E20',X'',1,12,X'',X'',1,NULL),
	(9,X'E7A2A7E69E9CE28094E88D89E88E93E4B893E794A8E6B6B2E882A5',NULL,0,X'2F75706C6F6164732F32303137303632312F323031373036323131363339343039393937353235312E6A7067',X'3C703E3C696D67207372633D222F75656469746F722F7068702F75706C6F61642F696D6167652F32303137303632312F313439383033343430343333363538322E6A70672220616C743D22222F3E3C2F703E',0,1498034405,1,X'32303137E6ACBEE6BDAEE5A4AAE998B3E9959CE5818FE58589E79CBCE9959CE5A5B3E995BFE884B8E5A2A8E9959CE6988EE6989FE6ACBEE59C86E884B8E5BC80E8BDA6E9A9BEE9A9B6E9959CE58FAFE9858DE8BF91E8A786E38082',X'',0,0,NULL,NULL,1,X'2F75706C6F6164732F32303137303632312F323031373036323131363339343935333532343839382E6A70672C2F75706C6F6164732F32303137303632312F323031373036323131363339343935333532353535372E6A70672C2F75706C6F6164732F32303137303632312F323031373036323131363339343935333532313030352E6A7067'),
	(10,X'E7A2A7E69E9CE28094E88D89E88E93E4B893E794A8E6B6B2E882A531',NULL,0,X'2F75706C6F6164732F32303137303632312F323031373036323131363339343039393937353235312E6A7067',X'3C703E3C696D67207372633D222F75656469746F722F7068702F75706C6F61642F696D6167652F32303137303632312F313439383033343430343333363538322E6A70672220616C743D22222F3E3C2F703E',0,1498034416,1,X'32303137E6ACBEE6BDAEE5A4AAE998B3E9959CE5818FE58589E79CBCE9959CE5A5B3E995BFE884B8E5A2A8E9959CE6988EE6989FE6ACBEE59C86E884B8E5BC80E8BDA6E9A9BEE9A9B6E9959CE58FAFE9858DE8BF91E8A786E38082',X'',0,0,NULL,NULL,1,X'2F75706C6F6164732F32303137303632312F323031373036323131363339343935333532343839382E6A70672C2F75706C6F6164732F32303137303632312F323031373036323131363339343935333532353535372E6A70672C2F75706C6F6164732F32303137303632312F323031373036323131363339343935333532313030352E6A7067'),
	(11,X'E7A2A7E69E9CE28094E88D89E88E93E4B893E794A8E6B6B2E882A531',NULL,0,X'2F75706C6F6164732F32303137303632312F323031373036323131363339343039393937353235312E6A7067',X'3C703E3C696D67207372633D222F75656469746F722F7068702F75706C6F61642F696D6167652F32303137303632312F313439383033343430343333363538322E6A70672220616C743D22222F3E3C2F703E',0,1498034417,1,X'32303137E6ACBEE6BDAEE5A4AAE998B3E9959CE5818FE58589E79CBCE9959CE5A5B3E995BFE884B8E5A2A8E9959CE6988EE6989FE6ACBEE59C86E884B8E5BC80E8BDA6E9A9BEE9A9B6E9959CE58FAFE9858DE8BF91E8A786E38082',X'',0,0,NULL,NULL,1,X'2F75706C6F6164732F32303137303632312F323031373036323131363339343935333532343839382E6A70672C2F75706C6F6164732F32303137303632312F323031373036323131363339343935333532353535372E6A70672C2F75706C6F6164732F32303137303632312F323031373036323131363339343935333532313030352E6A7067'),
	(12,X'E7A2A7E69E9CE28094E88D89E88E93E4B893E794A8E6B6B2E882A531',X'323334',0,X'2F75706C6F6164732F32303137303632312F323031373036323131363339343039393937353235312E6A7067',X'3C703E3C696D67207372633D222F75656469746F722F7068702F75706C6F61642F696D6167652F32303137303632312F313439383033343430343333363538322E6A70672220616C743D22222F3E3C2F703E',0,1498034417,1,X'32303137E6ACBEE6BDAEE5A4AAE998B3E9959CE5818FE58589E79CBCE9959CE5A5B3E995BFE884B8E5A2A8E9959CE6988EE6989FE6ACBEE59C86E884B8E5BC80E8BDA6E9A9BEE9A9B6E9959CE58FAFE9858DE8BF91E8A786E38082',X'',1,1,X'',X'',1,X'2F75706C6F6164732F32303137303632312F323031373036323131363339343935333532343839382E6A70672C2F75706C6F6164732F32303137303632312F323031373036323131363339343935333532353535372E6A70672C2F75706C6F6164732F32303137303632312F323031373036323131363339343935333532313030352E6A7067'),
	(13,X'31',NULL,0,X'2F75706C6F6164732F32303137303632312F323031373036323131363538303135373439393931302E6A7067',X'3C703E31323C2F703E',0,1498035494,1,X'313231',X'',0,16,NULL,NULL,2,X'2F75706C6F6164732F32303137303632312F323031373036323131363538303731303235333938342E6A70672C2F75706C6F6164732F32303137303632312F323031373036323131363538303731303235343536312E6A7067'),
	(14,X'E7A2A7E69E9CE28094E88D89E88E93E4B893E794A8E6B6B2E882A5',NULL,0,X'2F75706C6F6164732F32303137303632312F323031373036323131373033333235323938353039372E6A7067',X'3C703E3C696D67207372633D222F75656469746F722F7068702F75706C6F61642F696D6167652F32303137303632312F313439383033353833353831343536352E6A70672220616C743D22222F3E3C2F703E',0,1498035836,1,X'32303137E6ACBEE6BDAEE5A4AAE998B3E9959CE5818FE58589E79CBCE9959CE5A5B3E995BFE884B8E5A2A8E9959CE6988EE6989FE6ACBEE59C86E884B8E5BC80E8BDA6E9A9BEE9A9B6E9959CE58FAFE9858DE8BF91E8A786E38082',X'',0,16,NULL,NULL,2,X'2F75706C6F6164732F32303137303632312F323031373036323131373033333939383530393934392E6A70672C2F75706C6F6164732F32303137303632312F323031373036323131373033333939383531353535362E6A7067'),
	(15,X'E7A2A7E69E9CE28094E88D89E88E93E4B893E794A8E6B6B2E882A5',NULL,0,X'2F75706C6F6164732F32303137303632312F323031373036323131373033333235323938353039372E6A7067',X'3C703E3C696D67207372633D222F75656469746F722F7068702F75706C6F61642F696D6167652F32303137303632312F313439383033353833353831343536352E6A70672220616C743D22222F3E3C2F703E',0,1498035836,1,X'32303137E6ACBEE6BDAEE5A4AAE998B3E9959CE5818FE58589E79CBCE9959CE5A5B3E995BFE884B8E5A2A8E9959CE6988EE6989FE6ACBEE59C86E884B8E5BC80E8BDA6E9A9BEE9A9B6E9959CE58FAFE9858DE8BF91E8A786E38082',X'',0,16,NULL,NULL,2,X'2F75706C6F6164732F32303137303632312F323031373036323131373033333939383530393934392E6A70672C2F75706C6F6164732F32303137303632312F323031373036323131373033333939383531353535362E6A7067'),
	(16,X'E7A2A7E69E9CE28094E88D89E88E93E4B893E794A8E6B6B2E882A5',NULL,0,X'2F75706C6F6164732F32303137303632312F323031373036323131373033333235323938353039372E6A7067',X'3C703E3C696D67207372633D222F75656469746F722F7068702F75706C6F61642F696D6167652F32303137303632312F313439383033353833353831343536352E6A70672220616C743D22222F3E3C2F703E',0,1498035836,1,X'32303137E6ACBEE6BDAEE5A4AAE998B3E9959CE5818FE58589E79CBCE9959CE5A5B3E995BFE884B8E5A2A8E9959CE6988EE6989FE6ACBEE59C86E884B8E5BC80E8BDA6E9A9BEE9A9B6E9959CE58FAFE9858DE8BF91E8A786E38082',X'',0,16,NULL,NULL,2,X'2F75706C6F6164732F32303137303632312F323031373036323131373033333939383530393934392E6A70672C2F75706C6F6164732F32303137303632312F323031373036323131373033333939383531353535362E6A7067'),
	(17,X'E7A2A7E69E9CE28094E88D89E88E93E4B893E794A8E6B6B2E882A5',NULL,0,X'2F75706C6F6164732F32303137303632312F323031373036323131373033333235323938353039372E6A7067',X'3C703E3C696D67207372633D222F75656469746F722F7068702F75706C6F61642F696D6167652F32303137303632312F313439383033353833353831343536352E6A70672220616C743D22222F3E3C2F703E',0,1498035837,1,X'32303137E6ACBEE6BDAEE5A4AAE998B3E9959CE5818FE58589E79CBCE9959CE5A5B3E995BFE884B8E5A2A8E9959CE6988EE6989FE6ACBEE59C86E884B8E5BC80E8BDA6E9A9BEE9A9B6E9959CE58FAFE9858DE8BF91E8A786E38082',X'',0,16,NULL,NULL,2,X'2F75706C6F6164732F32303137303632312F323031373036323131373033333939383530393934392E6A70672C2F75706C6F6164732F32303137303632312F323031373036323131373033333939383531353535362E6A7067'),
	(18,X'E7A2A7E69E9CE28094E88D89E88E93E4B893E794A8E6B6B2E882A5',NULL,0,X'2F75706C6F6164732F32303137303632312F323031373036323131373033333235323938353039372E6A7067',X'3C703E3C696D67207372633D222F75656469746F722F7068702F75706C6F61642F696D6167652F32303137303632312F313439383033353833353831343536352E6A70672220616C743D22222F3E3C2F703E',0,1498035837,1,X'32303137E6ACBEE6BDAEE5A4AAE998B3E9959CE5818FE58589E79CBCE9959CE5A5B3E995BFE884B8E5A2A8E9959CE6988EE6989FE6ACBEE59C86E884B8E5BC80E8BDA6E9A9BEE9A9B6E9959CE58FAFE9858DE8BF91E8A786E38082',X'',0,16,NULL,NULL,2,X'2F75706C6F6164732F32303137303632312F323031373036323131373033333939383530393934392E6A70672C2F75706C6F6164732F32303137303632312F323031373036323131373033333939383531353535362E6A7067'),
	(19,X'E7A2A7E69E9CE28094E88D89E88E93E4B893E794A8E6B6B2E882A5',NULL,0,X'2F75706C6F6164732F32303137303632312F323031373036323131373035303231303135333939312E6A7067',X'3C703E3C7370616E207374796C653D22636F6C6F723A207267622835312C2035312C203531293B20666F6E742D66616D696C793A20E5BEAEE8BDAFE99B85E9BB913B206261636B67726F756E642D636F6C6F723A20726762283235352C203235352C20323535293B223E32303137E6ACBEE6BDAEE5A4AAE998B3E9959CE5818FE58589E79CBCE9959CE5A5B3E995BFE884B8E5A2A8E9959CE6988EE6989FE6ACBEE59C86E884B8E5BC80E8BDA6E9A9BEE9A9B6E9959CE58FAFE9858DE8BF91E8A786E380823C2F7370616E3E3C7370616E207374796C653D22636F6C6F723A207267622835312C2035312C203531293B20666F6E742D66616D696C793A20E5BEAEE8BDAFE99B85E9BB913B206261636B67726F756E642D636F6C6F723A20726762283235352C203235352C20323535293B223E32303137E6ACBEE6BDAEE5A4AAE998B3E9959CE5818FE58589E79CBCE9959CE5A5B3E995BFE884B8E5A2A8E9959CE6988EE6989FE6ACBEE59C86E884B8E5BC80E8BDA6E9A9BEE9A9B6E9959CE58FAFE9858DE8BF91E8A786E380823C2F7370616E3E3C7370616E207374796C653D22636F6C6F723A207267622835312C2035312C203531293B20666F6E742D66616D696C793A20E5BEAEE8BDAFE99B85E9BB913B206261636B67726F756E642D636F6C6F723A20726762283235352C203235352C20323535293B223E32303137E6ACBEE6BDAEE5A4AAE998B3E9959CE5818FE58589E79CBCE9959CE5A5B3E995BFE884B8E5A2A8E9959CE6988EE6989FE6ACBEE59C86E884B8E5BC80E8BDA6E9A9BEE9A9B6E9959CE58FAFE9858DE8BF91E8A786E380823C2F7370616E3E3C2F703E',0,1498035923,1,X'32303137E6ACBEE6BDAEE5A4AAE998B3E9959CE5818FE58589E79CBCE9959CE5A5B3E995BFE884B8E5A2A8E9959CE6988EE6989FE6ACBEE59C86E884B8E5BC80E8BDA6E9A9BEE9A9B6E9959CE58FAFE9858DE8BF91E8A786E38082',X'',0,17,NULL,NULL,2,X'2F75706C6F6164732F32303137303632312F323031373036323131373035323134393533353431302E6A70672C2F75706C6F6164732F32303137303632312F323031373036323131373035323134393533313030312E6A70672C2F75706C6F6164732F32303137303632312F323031373036323131373035323134393534353334392E6A7067'),
	(20,X'E7A2A7E69E9CE28094E88D89E88E93E4B893E794A8E6B6B2E882A5',NULL,0,X'2F75706C6F6164732F32303137303632312F323031373036323131373035303231303135333939312E6A7067',X'3C703E3C7370616E207374796C653D22636F6C6F723A207267622835312C2035312C203531293B20666F6E742D66616D696C793A20E5BEAEE8BDAFE99B85E9BB913B206261636B67726F756E642D636F6C6F723A20726762283235352C203235352C20323535293B223E32303137E6ACBEE6BDAEE5A4AAE998B3E9959CE5818FE58589E79CBCE9959CE5A5B3E995BFE884B8E5A2A8E9959CE6988EE6989FE6ACBEE59C86E884B8E5BC80E8BDA6E9A9BEE9A9B6E9959CE58FAFE9858DE8BF91E8A786E380823C2F7370616E3E3C7370616E207374796C653D22636F6C6F723A207267622835312C2035312C203531293B20666F6E742D66616D696C793A20E5BEAEE8BDAFE99B85E9BB913B206261636B67726F756E642D636F6C6F723A20726762283235352C203235352C20323535293B223E32303137E6ACBEE6BDAEE5A4AAE998B3E9959CE5818FE58589E79CBCE9959CE5A5B3E995BFE884B8E5A2A8E9959CE6988EE6989FE6ACBEE59C86E884B8E5BC80E8BDA6E9A9BEE9A9B6E9959CE58FAFE9858DE8BF91E8A786E380823C2F7370616E3E3C7370616E207374796C653D22636F6C6F723A207267622835312C2035312C203531293B20666F6E742D66616D696C793A20E5BEAEE8BDAFE99B85E9BB913B206261636B67726F756E642D636F6C6F723A20726762283235352C203235352C20323535293B223E32303137E6ACBEE6BDAEE5A4AAE998B3E9959CE5818FE58589E79CBCE9959CE5A5B3E995BFE884B8E5A2A8E9959CE6988EE6989FE6ACBEE59C86E884B8E5BC80E8BDA6E9A9BEE9A9B6E9959CE58FAFE9858DE8BF91E8A786E380823C2F7370616E3E3C2F703E',0,1498035923,1,X'32303137E6ACBEE6BDAEE5A4AAE998B3E9959CE5818FE58589E79CBCE9959CE5A5B3E995BFE884B8E5A2A8E9959CE6988EE6989FE6ACBEE59C86E884B8E5BC80E8BDA6E9A9BEE9A9B6E9959CE58FAFE9858DE8BF91E8A786E38082',X'',0,17,NULL,NULL,2,X'2F75706C6F6164732F32303137303632312F323031373036323131373035323134393533353431302E6A70672C2F75706C6F6164732F32303137303632312F323031373036323131373035323134393533313030312E6A70672C2F75706C6F6164732F32303137303632312F323031373036323131373035323134393534353334392E6A7067'),
	(21,X'E7A2A7E69E9CE28094E88D89E88E93E4B893E794A8E6B6B2E882A5',NULL,0,X'2F75706C6F6164732F32303137303632312F323031373036323131373035303231303135333939312E6A7067',X'3C703E3C7370616E207374796C653D22636F6C6F723A207267622835312C2035312C203531293B20666F6E742D66616D696C793A20E5BEAEE8BDAFE99B85E9BB913B206261636B67726F756E642D636F6C6F723A20726762283235352C203235352C20323535293B223E32303137E6ACBEE6BDAEE5A4AAE998B3E9959CE5818FE58589E79CBCE9959CE5A5B3E995BFE884B8E5A2A8E9959CE6988EE6989FE6ACBEE59C86E884B8E5BC80E8BDA6E9A9BEE9A9B6E9959CE58FAFE9858DE8BF91E8A786E380823C2F7370616E3E3C7370616E207374796C653D22636F6C6F723A207267622835312C2035312C203531293B20666F6E742D66616D696C793A20E5BEAEE8BDAFE99B85E9BB913B206261636B67726F756E642D636F6C6F723A20726762283235352C203235352C20323535293B223E32303137E6ACBEE6BDAEE5A4AAE998B3E9959CE5818FE58589E79CBCE9959CE5A5B3E995BFE884B8E5A2A8E9959CE6988EE6989FE6ACBEE59C86E884B8E5BC80E8BDA6E9A9BEE9A9B6E9959CE58FAFE9858DE8BF91E8A786E380823C2F7370616E3E3C7370616E207374796C653D22636F6C6F723A207267622835312C2035312C203531293B20666F6E742D66616D696C793A20E5BEAEE8BDAFE99B85E9BB913B206261636B67726F756E642D636F6C6F723A20726762283235352C203235352C20323535293B223E32303137E6ACBEE6BDAEE5A4AAE998B3E9959CE5818FE58589E79CBCE9959CE5A5B3E995BFE884B8E5A2A8E9959CE6988EE6989FE6ACBEE59C86E884B8E5BC80E8BDA6E9A9BEE9A9B6E9959CE58FAFE9858DE8BF91E8A786E380823C2F7370616E3E3C2F703E',0,1498035923,1,X'32303137E6ACBEE6BDAEE5A4AAE998B3E9959CE5818FE58589E79CBCE9959CE5A5B3E995BFE884B8E5A2A8E9959CE6988EE6989FE6ACBEE59C86E884B8E5BC80E8BDA6E9A9BEE9A9B6E9959CE58FAFE9858DE8BF91E8A786E38082',X'',0,17,NULL,NULL,2,X'2F75706C6F6164732F32303137303632312F323031373036323131373035323134393533353431302E6A70672C2F75706C6F6164732F32303137303632312F323031373036323131373035323134393533313030312E6A70672C2F75706C6F6164732F32303137303632312F323031373036323131373035323134393534353334392E6A7067'),
	(22,X'E7A2A7E69E9CE28094E88D89E88E93E4B893E794A8E6B6B2E882A5',NULL,0,X'2F75706C6F6164732F32303137303632312F323031373036323131373035303231303135333939312E6A7067',X'3C703E3C7370616E207374796C653D22636F6C6F723A207267622835312C2035312C203531293B20666F6E742D66616D696C793A20E5BEAEE8BDAFE99B85E9BB913B206261636B67726F756E642D636F6C6F723A20726762283235352C203235352C20323535293B223E32303137E6ACBEE6BDAEE5A4AAE998B3E9959CE5818FE58589E79CBCE9959CE5A5B3E995BFE884B8E5A2A8E9959CE6988EE6989FE6ACBEE59C86E884B8E5BC80E8BDA6E9A9BEE9A9B6E9959CE58FAFE9858DE8BF91E8A786E380823C2F7370616E3E3C7370616E207374796C653D22636F6C6F723A207267622835312C2035312C203531293B20666F6E742D66616D696C793A20E5BEAEE8BDAFE99B85E9BB913B206261636B67726F756E642D636F6C6F723A20726762283235352C203235352C20323535293B223E32303137E6ACBEE6BDAEE5A4AAE998B3E9959CE5818FE58589E79CBCE9959CE5A5B3E995BFE884B8E5A2A8E9959CE6988EE6989FE6ACBEE59C86E884B8E5BC80E8BDA6E9A9BEE9A9B6E9959CE58FAFE9858DE8BF91E8A786E380823C2F7370616E3E3C7370616E207374796C653D22636F6C6F723A207267622835312C2035312C203531293B20666F6E742D66616D696C793A20E5BEAEE8BDAFE99B85E9BB913B206261636B67726F756E642D636F6C6F723A20726762283235352C203235352C20323535293B223E32303137E6ACBEE6BDAEE5A4AAE998B3E9959CE5818FE58589E79CBCE9959CE5A5B3E995BFE884B8E5A2A8E9959CE6988EE6989FE6ACBEE59C86E884B8E5BC80E8BDA6E9A9BEE9A9B6E9959CE58FAFE9858DE8BF91E8A786E380823C2F7370616E3E3C2F703E',0,1498035923,1,X'32303137E6ACBEE6BDAEE5A4AAE998B3E9959CE5818FE58589E79CBCE9959CE5A5B3E995BFE884B8E5A2A8E9959CE6988EE6989FE6ACBEE59C86E884B8E5BC80E8BDA6E9A9BEE9A9B6E9959CE58FAFE9858DE8BF91E8A786E38082',X'',0,17,NULL,NULL,2,X'2F75706C6F6164732F32303137303632312F323031373036323131373035323134393533353431302E6A70672C2F75706C6F6164732F32303137303632312F323031373036323131373035323134393533313030312E6A70672C2F75706C6F6164732F32303137303632312F323031373036323131373035323134393534353334392E6A7067'),
	(23,X'E7A2A7E69E9CE28094E88D89E88E93E4B893E794A8E6B6B2E882A5',NULL,0,X'2F75706C6F6164732F32303137303632312F323031373036323131373035303231303135333939312E6A7067',X'3C703E3C7370616E207374796C653D22636F6C6F723A207267622835312C2035312C203531293B20666F6E742D66616D696C793A20E5BEAEE8BDAFE99B85E9BB913B206261636B67726F756E642D636F6C6F723A20726762283235352C203235352C20323535293B223E32303137E6ACBEE6BDAEE5A4AAE998B3E9959CE5818FE58589E79CBCE9959CE5A5B3E995BFE884B8E5A2A8E9959CE6988EE6989FE6ACBEE59C86E884B8E5BC80E8BDA6E9A9BEE9A9B6E9959CE58FAFE9858DE8BF91E8A786E380823C2F7370616E3E3C7370616E207374796C653D22636F6C6F723A207267622835312C2035312C203531293B20666F6E742D66616D696C793A20E5BEAEE8BDAFE99B85E9BB913B206261636B67726F756E642D636F6C6F723A20726762283235352C203235352C20323535293B223E32303137E6ACBEE6BDAEE5A4AAE998B3E9959CE5818FE58589E79CBCE9959CE5A5B3E995BFE884B8E5A2A8E9959CE6988EE6989FE6ACBEE59C86E884B8E5BC80E8BDA6E9A9BEE9A9B6E9959CE58FAFE9858DE8BF91E8A786E380823C2F7370616E3E3C7370616E207374796C653D22636F6C6F723A207267622835312C2035312C203531293B20666F6E742D66616D696C793A20E5BEAEE8BDAFE99B85E9BB913B206261636B67726F756E642D636F6C6F723A20726762283235352C203235352C20323535293B223E32303137E6ACBEE6BDAEE5A4AAE998B3E9959CE5818FE58589E79CBCE9959CE5A5B3E995BFE884B8E5A2A8E9959CE6988EE6989FE6ACBEE59C86E884B8E5BC80E8BDA6E9A9BEE9A9B6E9959CE58FAFE9858DE8BF91E8A786E380823C2F7370616E3E3C2F703E',0,1498035930,1,X'32303137E6ACBEE6BDAEE5A4AAE998B3E9959CE5818FE58589E79CBCE9959CE5A5B3E995BFE884B8E5A2A8E9959CE6988EE6989FE6ACBEE59C86E884B8E5BC80E8BDA6E9A9BEE9A9B6E9959CE58FAFE9858DE8BF91E8A786E38082',X'',0,18,NULL,NULL,2,X'2F75706C6F6164732F32303137303632312F323031373036323131373035323134393533353431302E6A70672C2F75706C6F6164732F32303137303632312F323031373036323131373035323134393533313030312E6A70672C2F75706C6F6164732F32303137303632312F323031373036323131373035323134393534353334392E6A7067'),
	(24,X'E7A2A7E69E9CE28094E88D89E88E93E4B893E794A8E6B6B2E882A5',NULL,0,X'2F75706C6F6164732F32303137303632312F323031373036323131373035303231303135333939312E6A7067',X'3C703E3C7370616E207374796C653D22636F6C6F723A207267622835312C2035312C203531293B20666F6E742D66616D696C793A20E5BEAEE8BDAFE99B85E9BB913B206261636B67726F756E642D636F6C6F723A20726762283235352C203235352C20323535293B223E32303137E6ACBEE6BDAEE5A4AAE998B3E9959CE5818FE58589E79CBCE9959CE5A5B3E995BFE884B8E5A2A8E9959CE6988EE6989FE6ACBEE59C86E884B8E5BC80E8BDA6E9A9BEE9A9B6E9959CE58FAFE9858DE8BF91E8A786E380823C2F7370616E3E3C7370616E207374796C653D22636F6C6F723A207267622835312C2035312C203531293B20666F6E742D66616D696C793A20E5BEAEE8BDAFE99B85E9BB913B206261636B67726F756E642D636F6C6F723A20726762283235352C203235352C20323535293B223E32303137E6ACBEE6BDAEE5A4AAE998B3E9959CE5818FE58589E79CBCE9959CE5A5B3E995BFE884B8E5A2A8E9959CE6988EE6989FE6ACBEE59C86E884B8E5BC80E8BDA6E9A9BEE9A9B6E9959CE58FAFE9858DE8BF91E8A786E380823C2F7370616E3E3C7370616E207374796C653D22636F6C6F723A207267622835312C2035312C203531293B20666F6E742D66616D696C793A20E5BEAEE8BDAFE99B85E9BB913B206261636B67726F756E642D636F6C6F723A20726762283235352C203235352C20323535293B223E32303137E6ACBEE6BDAEE5A4AAE998B3E9959CE5818FE58589E79CBCE9959CE5A5B3E995BFE884B8E5A2A8E9959CE6988EE6989FE6ACBEE59C86E884B8E5BC80E8BDA6E9A9BEE9A9B6E9959CE58FAFE9858DE8BF91E8A786E380823C2F7370616E3E3C2F703E',0,1498035930,1,X'32303137E6ACBEE6BDAEE5A4AAE998B3E9959CE5818FE58589E79CBCE9959CE5A5B3E995BFE884B8E5A2A8E9959CE6988EE6989FE6ACBEE59C86E884B8E5BC80E8BDA6E9A9BEE9A9B6E9959CE58FAFE9858DE8BF91E8A786E38082',X'',0,18,NULL,NULL,2,X'2F75706C6F6164732F32303137303632312F323031373036323131373035323134393533353431302E6A70672C2F75706C6F6164732F32303137303632312F323031373036323131373035323134393533313030312E6A70672C2F75706C6F6164732F32303137303632312F323031373036323131373035323134393534353334392E6A7067'),
	(25,X'E7A2A7E69E9CE28094E88D89E88E93E4B893E794A8E6B6B2E882A5',NULL,0,X'2F75706C6F6164732F32303137303632312F323031373036323131373035303231303135333939312E6A7067',X'3C703E3C7370616E207374796C653D22636F6C6F723A207267622835312C2035312C203531293B20666F6E742D66616D696C793A20E5BEAEE8BDAFE99B85E9BB913B206261636B67726F756E642D636F6C6F723A20726762283235352C203235352C20323535293B223E32303137E6ACBEE6BDAEE5A4AAE998B3E9959CE5818FE58589E79CBCE9959CE5A5B3E995BFE884B8E5A2A8E9959CE6988EE6989FE6ACBEE59C86E884B8E5BC80E8BDA6E9A9BEE9A9B6E9959CE58FAFE9858DE8BF91E8A786E380823C2F7370616E3E3C7370616E207374796C653D22636F6C6F723A207267622835312C2035312C203531293B20666F6E742D66616D696C793A20E5BEAEE8BDAFE99B85E9BB913B206261636B67726F756E642D636F6C6F723A20726762283235352C203235352C20323535293B223E32303137E6ACBEE6BDAEE5A4AAE998B3E9959CE5818FE58589E79CBCE9959CE5A5B3E995BFE884B8E5A2A8E9959CE6988EE6989FE6ACBEE59C86E884B8E5BC80E8BDA6E9A9BEE9A9B6E9959CE58FAFE9858DE8BF91E8A786E380823C2F7370616E3E3C7370616E207374796C653D22636F6C6F723A207267622835312C2035312C203531293B20666F6E742D66616D696C793A20E5BEAEE8BDAFE99B85E9BB913B206261636B67726F756E642D636F6C6F723A20726762283235352C203235352C20323535293B223E32303137E6ACBEE6BDAEE5A4AAE998B3E9959CE5818FE58589E79CBCE9959CE5A5B3E995BFE884B8E5A2A8E9959CE6988EE6989FE6ACBEE59C86E884B8E5BC80E8BDA6E9A9BEE9A9B6E9959CE58FAFE9858DE8BF91E8A786E380823C2F7370616E3E3C2F703E',0,1498035931,1,X'32303137E6ACBEE6BDAEE5A4AAE998B3E9959CE5818FE58589E79CBCE9959CE5A5B3E995BFE884B8E5A2A8E9959CE6988EE6989FE6ACBEE59C86E884B8E5BC80E8BDA6E9A9BEE9A9B6E9959CE58FAFE9858DE8BF91E8A786E38082',X'',0,18,NULL,NULL,2,X'2F75706C6F6164732F32303137303632312F323031373036323131373035323134393533353431302E6A70672C2F75706C6F6164732F32303137303632312F323031373036323131373035323134393533313030312E6A70672C2F75706C6F6164732F32303137303632312F323031373036323131373035323134393534353334392E6A7067'),
	(26,X'E7A2A7E69E9CE28094E88D89E88E93E4B893E794A8E6B6B2E882A5',NULL,0,X'2F75706C6F6164732F32303137303632312F323031373036323131373035303231303135333939312E6A7067',X'3C703E3C7370616E207374796C653D22636F6C6F723A207267622835312C2035312C203531293B20666F6E742D66616D696C793A20E5BEAEE8BDAFE99B85E9BB913B206261636B67726F756E642D636F6C6F723A20726762283235352C203235352C20323535293B223E32303137E6ACBEE6BDAEE5A4AAE998B3E9959CE5818FE58589E79CBCE9959CE5A5B3E995BFE884B8E5A2A8E9959CE6988EE6989FE6ACBEE59C86E884B8E5BC80E8BDA6E9A9BEE9A9B6E9959CE58FAFE9858DE8BF91E8A786E380823C2F7370616E3E3C7370616E207374796C653D22636F6C6F723A207267622835312C2035312C203531293B20666F6E742D66616D696C793A20E5BEAEE8BDAFE99B85E9BB913B206261636B67726F756E642D636F6C6F723A20726762283235352C203235352C20323535293B223E32303137E6ACBEE6BDAEE5A4AAE998B3E9959CE5818FE58589E79CBCE9959CE5A5B3E995BFE884B8E5A2A8E9959CE6988EE6989FE6ACBEE59C86E884B8E5BC80E8BDA6E9A9BEE9A9B6E9959CE58FAFE9858DE8BF91E8A786E380823C2F7370616E3E3C7370616E207374796C653D22636F6C6F723A207267622835312C2035312C203531293B20666F6E742D66616D696C793A20E5BEAEE8BDAFE99B85E9BB913B206261636B67726F756E642D636F6C6F723A20726762283235352C203235352C20323535293B223E32303137E6ACBEE6BDAEE5A4AAE998B3E9959CE5818FE58589E79CBCE9959CE5A5B3E995BFE884B8E5A2A8E9959CE6988EE6989FE6ACBEE59C86E884B8E5BC80E8BDA6E9A9BEE9A9B6E9959CE58FAFE9858DE8BF91E8A786E380823C2F7370616E3E3C2F703E',0,1498035931,1,X'32303137E6ACBEE6BDAEE5A4AAE998B3E9959CE5818FE58589E79CBCE9959CE5A5B3E995BFE884B8E5A2A8E9959CE6988EE6989FE6ACBEE59C86E884B8E5BC80E8BDA6E9A9BEE9A9B6E9959CE58FAFE9858DE8BF91E8A786E38082',X'',0,18,NULL,NULL,2,X'2F75706C6F6164732F32303137303632312F323031373036323131373035323134393533353431302E6A70672C2F75706C6F6164732F32303137303632312F323031373036323131373035323134393533313030312E6A70672C2F75706C6F6164732F32303137303632312F323031373036323131373035323134393534353334392E6A7067');

/*!40000 ALTER TABLE `kt_news` ENABLE KEYS */;
UNLOCK TABLES;


# Dump of table kt_news_type
# ------------------------------------------------------------

DROP TABLE IF EXISTS `kt_news_type`;

CREATE TABLE `kt_news_type` (
  `id` int(11) unsigned NOT NULL AUTO_INCREMENT,
  `name` varchar(255) COLLATE utf8mb4_bin DEFAULT NULL,
  `c_time` int(11) DEFAULT NULL,
  `status` tinyint(1) DEFAULT NULL,
  PRIMARY KEY (`id`)
) ENGINE=InnoDB DEFAULT CHARSET=utf8mb4 COLLATE=utf8mb4_bin;

LOCK TABLES `kt_news_type` WRITE;
/*!40000 ALTER TABLE `kt_news_type` DISABLE KEYS */;

INSERT INTO `kt_news_type` (`id`, `name`, `c_time`, `status`)
VALUES
	(1,X'E696B0E997BBE58AA8E68081',1493627191,1),
	(2,X'E585ACE58FB8E58AA8E68081',1493627204,1),
	(3,X'E4BAA7E59381E58897E8A1A8',1493627212,1);

/*!40000 ALTER TABLE `kt_news_type` ENABLE KEYS */;
UNLOCK TABLES;


# Dump of table kt_suggest
# ------------------------------------------------------------

DROP TABLE IF EXISTS `kt_suggest`;

CREATE TABLE `kt_suggest` (
  `id` int(11) unsigned NOT NULL AUTO_INCREMENT,
  `phone` varchar(20) DEFAULT NULL,
  `email` varchar(50) DEFAULT NULL,
  `content` text,
  `name` varchar(50) DEFAULT '',
  `qq` varchar(20) DEFAULT NULL,
  `c_time` int(11) DEFAULT '0',
  `status` tinyint(1) DEFAULT '1',
  PRIMARY KEY (`id`)
) ENGINE=InnoDB DEFAULT CHARSET=utf8mb4;

LOCK TABLES `kt_suggest` WRITE;
/*!40000 ALTER TABLE `kt_suggest` DISABLE KEYS */;

INSERT INTO `kt_suggest` (`id`, `phone`, `email`, `content`, `name`, `qq`, `c_time`, `status`)
VALUES
	(1,NULL,'qq','qq','',NULL,1498040655,1),
	(2,NULL,NULL,NULL,'',NULL,1498064591,1),
	(3,NULL,'123','12312312','',NULL,1498064594,1);

/*!40000 ALTER TABLE `kt_suggest` ENABLE KEYS */;
UNLOCK TABLES;


# Dump of table kt_sys_admin
# ------------------------------------------------------------

DROP TABLE IF EXISTS `kt_sys_admin`;

CREATE TABLE `kt_sys_admin` (
  `id` int(11) unsigned NOT NULL AUTO_INCREMENT,
  `account` varchar(50) COLLATE utf8mb4_bin DEFAULT NULL,
  `pwd` varchar(50) COLLATE utf8mb4_bin DEFAULT NULL,
  `c_time` int(11) DEFAULT '0',
  `status` tinyint(1) DEFAULT '0',
  `role_id` int(11) NOT NULL DEFAULT '0',
  PRIMARY KEY (`id`)
) ENGINE=InnoDB DEFAULT CHARSET=utf8mb4 COLLATE=utf8mb4_bin;

LOCK TABLES `kt_sys_admin` WRITE;
/*!40000 ALTER TABLE `kt_sys_admin` DISABLE KEYS */;

INSERT INTO `kt_sys_admin` (`id`, `account`, `pwd`, `c_time`, `status`, `role_id`)
VALUES
	(1,X'61646D696E',X'3231323332663239376135376135613734333839346130653461383031666333',0,1,2),
	(2,X'31',X'6334636134323338613062393233383230646363353039613666373538343962',1493739581,1,3);

/*!40000 ALTER TABLE `kt_sys_admin` ENABLE KEYS */;
UNLOCK TABLES;


# Dump of table kt_sys_auth
# ------------------------------------------------------------

DROP TABLE IF EXISTS `kt_sys_auth`;

CREATE TABLE `kt_sys_auth` (
  `id` int(11) unsigned NOT NULL AUTO_INCREMENT,
  `menu_id` int(11) DEFAULT '0',
  `operation_id` int(11) DEFAULT '0',
  `c_time` int(11) DEFAULT '0',
  `status` tinyint(1) DEFAULT '1',
  PRIMARY KEY (`id`),
  UNIQUE KEY `menu_op` (`menu_id`,`operation_id`)
) ENGINE=InnoDB DEFAULT CHARSET=utf8mb4 COLLATE=utf8mb4_bin;

LOCK TABLES `kt_sys_auth` WRITE;
/*!40000 ALTER TABLE `kt_sys_auth` DISABLE KEYS */;

INSERT INTO `kt_sys_auth` (`id`, `menu_id`, `operation_id`, `c_time`, `status`)
VALUES
	(4,2,1,1493548647,NULL),
	(5,2,2,1493548647,NULL),
	(6,2,3,1493548647,NULL),
	(7,2,4,1493548647,NULL),
	(8,2,5,1493548647,NULL);

/*!40000 ALTER TABLE `kt_sys_auth` ENABLE KEYS */;
UNLOCK TABLES;


# Dump of table kt_sys_config
# ------------------------------------------------------------

DROP TABLE IF EXISTS `kt_sys_config`;

CREATE TABLE `kt_sys_config` (
  `id` int(11) unsigned NOT NULL AUTO_INCREMENT,
  `page_size` int(11) DEFAULT '0',
  `is_edit_refresh` tinyint(1) DEFAULT '1',
  `wx_appid` varchar(50) DEFAULT NULL,
  `wx_secrect` varchar(50) DEFAULT NULL,
  `status` tinyint(1) DEFAULT '1',
  `c_time` int(11) DEFAULT '0',
  `admin_color` varchar(50) DEFAULT NULL,
  PRIMARY KEY (`id`)
) ENGINE=InnoDB DEFAULT CHARSET=utf8mb4;

LOCK TABLES `kt_sys_config` WRITE;
/*!40000 ALTER TABLE `kt_sys_config` DISABLE KEYS */;

INSERT INTO `kt_sys_config` (`id`, `page_size`, `is_edit_refresh`, `wx_appid`, `wx_secrect`, `status`, `c_time`, `admin_color`)
VALUES
	(1,20,2,'','',1,0,'#333744');

/*!40000 ALTER TABLE `kt_sys_config` ENABLE KEYS */;
UNLOCK TABLES;


# Dump of table kt_sys_field_tab
# ------------------------------------------------------------

DROP TABLE IF EXISTS `kt_sys_field_tab`;

CREATE TABLE `kt_sys_field_tab` (
  `id` int(11) unsigned NOT NULL AUTO_INCREMENT,
  `mid` int(11) DEFAULT '0',
  `name` varchar(255) DEFAULT NULL,
  `sort` int(11) DEFAULT '0',
  `c_time` int(11) DEFAULT '0',
  `status` tinyint(1) DEFAULT '1',
  PRIMARY KEY (`id`)
) ENGINE=InnoDB DEFAULT CHARSET=utf8mb4;

LOCK TABLES `kt_sys_field_tab` WRITE;
/*!40000 ALTER TABLE `kt_sys_field_tab` DISABLE KEYS */;

INSERT INTO `kt_sys_field_tab` (`id`, `mid`, `name`, `sort`, `c_time`, `status`)
VALUES
	(1,17,'基础',1,1498447507,1),
	(2,17,'扩展',2,1498447512,1),
	(3,17,'SEO',3,1498447517,1),
	(4,17,'扩展2',5,1498449246,1),
	(5,23,'SEO',1,1498452066,1),
	(6,17,'1212',12,1498452853,1),
	(7,23,'高级内容',3,1498474168,1),
	(8,1,'高级设置',2,1498665850,1),
	(9,1,'基本设置',1,1498665896,1),
	(12,23,'基础',0,1498699218,1),
	(13,9,'基础设置',1,1498701604,1),
	(14,9,'微信设置',2,1498701610,1),
	(15,9,'支付宝设置',3,1498701618,1),
	(16,9,'第三方登录',4,1498701644,1),
	(17,9,'SEO设置',5,1498701656,1),
	(18,13,'121',1,1499252901,1),
	(19,13,'3223',1,1499252905,1),
	(20,13,'121',1,1499252907,1);

/*!40000 ALTER TABLE `kt_sys_field_tab` ENABLE KEYS */;
UNLOCK TABLES;


# Dump of table kt_sys_fields
# ------------------------------------------------------------

DROP TABLE IF EXISTS `kt_sys_fields`;

CREATE TABLE `kt_sys_fields` (
  `id` int(11) unsigned NOT NULL AUTO_INCREMENT,
  `table` varchar(50) COLLATE utf8mb4_bin DEFAULT NULL,
  `field` varchar(50) COLLATE utf8mb4_bin DEFAULT NULL,
  `type` varchar(20) COLLATE utf8mb4_bin DEFAULT '0',
  `length` tinyint(3) DEFAULT '0',
  `default` varchar(50) COLLATE utf8mb4_bin DEFAULT NULL,
  `comment` varchar(255) COLLATE utf8mb4_bin DEFAULT NULL,
  `remark` varchar(255) COLLATE utf8mb4_bin DEFAULT NULL,
  `name` varchar(50) COLLATE utf8mb4_bin DEFAULT NULL,
  `edit_type` varchar(20) COLLATE utf8mb4_bin DEFAULT NULL,
  `required` tinyint(1) NOT NULL DEFAULT '1' COMMENT '是否必填',
  `width` tinyint(3) DEFAULT '10',
  `sort` int(11) DEFAULT '0',
  `key` tinyint(1) DEFAULT '0',
  `c_time` int(11) DEFAULT '0',
  `status` tinyint(1) DEFAULT '1',
  `model_id` int(11) DEFAULT '0',
  `rule` varchar(255) COLLATE utf8mb4_bin DEFAULT NULL,
  `data_from` varchar(255) COLLATE utf8mb4_bin DEFAULT NULL,
  `is_display` tinyint(1) DEFAULT '1',
  `is_edit` tinyint(1) DEFAULT '1',
  `is_search` tinyint(1) DEFAULT '1',
  `is_allow_null` tinyint(1) DEFAULT '1',
  `tab` varchar(50) COLLATE utf8mb4_bin DEFAULT NULL,
  PRIMARY KEY (`id`)
) ENGINE=InnoDB DEFAULT CHARSET=utf8mb4 COLLATE=utf8mb4_bin;

LOCK TABLES `kt_sys_fields` WRITE;
/*!40000 ALTER TABLE `kt_sys_fields` DISABLE KEYS */;

INSERT INTO `kt_sys_fields` (`id`, `table`, `field`, `type`, `length`, `default`, `comment`, `remark`, `name`, `edit_type`, `required`, `width`, `sort`, `key`, `c_time`, `status`, `model_id`, `rule`, `data_from`, `is_display`, `is_edit`, `is_search`, `is_allow_null`, `tab`)
VALUES
	(9,NULL,X'6964',X'31',0,NULL,NULL,NULL,X'4944',NULL,1,10,0,0,0,1,1,NULL,NULL,1,0,1,1,NULL),
	(10,NULL,X'6E616D65',X'30',0,X'',NULL,X'',X'E88F9CE58D95E5908D',X'31',1,4,0,0,1493528263,1,1,X'',X'',1,1,1,1,X'39'),
	(11,NULL,X'6D6F64656C5F6964',X'30',0,X'',NULL,X'E98089E68BA9E6A8A1E59E8B',X'E6A8A1E59E8B4944',X'38',1,4,2,0,1493528375,1,1,X'',X'54427C327C69647C6E616D657C6E616D65',1,1,1,0,X'39'),
	(12,NULL,X'75705F6964',X'30',0,X'',NULL,X'E98089E68BA9E4B88AE7BAA7E88F9CE58D95',X'E4B88AE7BAA7E88F9CE58D954944',X'38',1,4,1,0,1493528448,1,1,X'',X'54427C317C69647C6E616D657C6E616D65',1,1,1,0,X'39'),
	(13,NULL,X'736F7274',X'30',0,X'31',NULL,X'',X'E68E92E5BA8F',X'32',1,2,50,0,1493528549,1,1,X'',X'',1,1,1,1,X'39'),
	(14,NULL,X'6E616D65',X'30',0,X'',NULL,X'',X'E6A8A1E59E8BE5908D',X'31',1,4,1,0,1493534108,1,2,X'',X'',1,1,1,1,NULL),
	(15,NULL,X'7461626C65',X'30',0,X'',NULL,X'',X'E6A8A1E59E8BE8A1A8',X'38',1,4,2,0,1493534129,1,2,X'',X'6765745F7461626C6573',1,1,0,1,NULL),
	(16,NULL,X'6964',X'30',0,X'',NULL,X'',X'6964',X'32',1,4,0,0,1493534155,1,2,X'',X'',1,0,1,1,NULL),
	(18,NULL,X'6F7065726174696F6E',X'30',0,X'',NULL,X'',X'E6938DE4BD9C',X'3136',1,8,9,0,1493546562,1,1,X'',X'6765745F6F7065726174696F6E',0,1,0,1,X'39'),
	(19,NULL,X'636F6C6F725F636C617373',X'30',0,X'',NULL,X'',X'E68C89E992AEE9A29CE889B2',X'34',1,8,2,0,1493619674,1,6,X'',X'62746E2D64656661756C743AE799BDE889B23B62746E2D7072696D6172793AE8939DE889B23B62746E2D737563636573733AE7BBBFE889B23B62746E2D7761726E696E673AE9BB84E889B23B62746E2D64616E6765723AE7BAA2E889B23B',0,0,0,0,X''),
	(20,NULL,X'6E616D65',X'30',0,X'',NULL,X'',X'E6938DE4BD9CE5908D',X'31',1,4,1,0,1493619676,1,6,X'746578747C312C3230',X'',1,1,1,1,X''),
	(21,NULL,X'6576656E745F636C617373',X'30',0,X'775F6F70656E',NULL,X'',X'E4BA8BE4BBB6E7B1BBE5908D',X'3230',1,4,3,0,1493619729,1,6,X'',X'',1,1,1,1,X''),
	(22,NULL,X'6F70656E5F74797065',X'30',0,X'32',NULL,X'',X'E68993E5BC80E7B1BBE59E8B',X'34',1,8,4,0,1493619806,1,6,X'',X'323AE9A1B5E99DA23B313AE5BCB9E7AA973B333A414A41585F4745543B343AE8BE93E585A5E6A1863B',1,1,1,1,X''),
	(23,NULL,X'74797065',X'30',0,X'32',NULL,X'',X'E4BD8DE7BDAE',X'34',1,4,5,0,1493619847,1,6,X'',X'313AE9A1B6E983A83B323AE58897E8A1A83B',1,1,1,1,X''),
	(24,NULL,X'736F7274',X'30',0,X'31',NULL,X'',X'E68E92E5BA8F',X'32',1,4,6,0,1493619860,1,6,X'',X'',1,1,1,1,X''),
	(25,NULL,X'75726C',X'30',0,X'',NULL,X'',X'E4BA8BE4BBB6E993BEE68EA5',X'31',1,4,7,0,1493619895,1,6,X'',X'',0,1,0,0,X''),
	(26,NULL,X'6964',X'30',0,X'',NULL,X'',X'4944',X'31',1,4,0,0,1493619913,1,6,X'',X'',1,0,1,1,X''),
	(27,NULL,X'6E616D65',X'30',0,X'',NULL,X'',X'E5908DE7A7B0',X'31',1,4,1,0,1493627131,1,7,X'746578747C312C3130',X'',1,1,1,1,X''),
	(28,NULL,X'6964',X'30',0,X'',NULL,X'',X'4944',X'31',1,4,0,0,1493627145,1,7,X'',X'',1,0,1,1,NULL),
	(29,NULL,X'635F74696D65',X'30',0,X'',NULL,X'',X'E5889BE5BBBAE697B6E997B4',X'39',1,4,2,0,1493627167,1,7,X'',X'',1,0,1,1,NULL),
	(30,NULL,X'6964',X'30',0,X'',NULL,X'',X'4944',X'31',1,4,1,0,1493627501,1,5,X'',X'',1,0,1,1,NULL),
	(31,NULL,X'6E616D65',X'30',0,X'',NULL,X'34313534353435',X'E69687E7ABA0E5908D',X'31',1,4,2,0,1493627534,1,5,X'',X'',1,1,1,1,NULL),
	(32,NULL,X'636F6E74656E74',X'30',0,X'',NULL,X'',X'E69687E7ABA0E58685E5AEB932',X'3135',1,8,8,0,1493627555,1,5,X'',X'',0,1,0,1,NULL),
	(33,NULL,X'747970655F6964',X'30',0,X'',NULL,X'',X'E69687E7ABA0E58886E7B1BB',X'38',1,4,3,0,1493627746,1,5,X'',X'6765745F7461626C655F646174617C6E6577735F74797065',1,1,0,1,NULL),
	(34,NULL,X'737461747573',X'30',0,X'',NULL,X'',X'E78AB6E68081',X'34',1,4,9,0,1493627802,1,5,X'',X'313AE58F91E5B8833B323AE7A681E794A83B',1,0,1,1,NULL),
	(35,NULL,X'75726C',X'30',0,X'',NULL,X'',X'E887AAE5AE9AE4B989E993BEE68EA5',X'31',1,4,10,0,1493722055,1,1,X'',X'',0,1,0,0,X'38'),
	(36,NULL,X'706172616D',X'30',0,X'',NULL,X'',X'E887AAE5AE9AE4B989E58F82E695B0',X'31',1,4,11,0,1493722078,1,1,X'',X'',0,1,0,0,X'38'),
	(37,NULL,X'636C617373',X'30',0,X'',NULL,X'',X'E59BBEE6A087',X'3139',1,4,12,0,1493722470,1,1,X'',X'',0,1,0,0,X'39'),
	(38,NULL,X'737461747573',X'30',0,X'',NULL,X'',X'E78AB6E68081',X'34',1,2,13,0,1493724276,1,1,X'',X'313AE5B7B2E590AFE794A83B2D313AE5B7B2E7A681E794A83B',1,0,1,1,NULL),
	(39,NULL,X'6E616D65',X'30',0,X'',NULL,X'',X'E69687E7ABA0E5908D',X'31',1,4,1,0,1493725061,1,8,X'',X'',1,1,1,1,NULL),
	(40,NULL,X'6964',X'30',0,X'',NULL,X'',X'4944',X'31',1,4,0,0,1493725070,1,8,X'',X'',1,0,1,1,NULL),
	(41,NULL,X'777269746572',X'30',0,X'',NULL,X'',X'E4BD9CE88085',X'31',1,4,2,0,1493725079,1,8,X'',X'',1,1,1,1,NULL),
	(42,NULL,X'705F74696D65',X'30',0,X'',NULL,X'',X'E58F91E5B883E697B6E997B4',X'39',1,4,3,0,1493725093,1,8,X'',X'',1,1,1,1,NULL),
	(43,NULL,X'636F6E74656E74',X'30',0,X'',NULL,X'',X'E58685E5AEB9',X'3135',1,8,4,0,1493725164,1,8,X'',X'',0,1,0,1,NULL),
	(44,NULL,X'747970655F6964',X'30',0,X'',NULL,X'',X'E69687E7ABA0E58886E7B1BB',X'38',1,4,2,0,1493725196,1,8,X'',X'6765745F7461626C655F646174617C6E6577735F74797065',1,1,1,1,NULL),
	(45,NULL,X'737461747573',X'30',0,X'',NULL,X'',X'E78AB6E68081',X'34',1,4,9,0,1493725324,1,8,X'',X'313AE590AFE794A83B323AE7A681E794A83B',1,0,1,1,NULL),
	(46,NULL,X'6964',X'30',0,X'',NULL,X'',X'4944',X'31',1,4,0,0,1493725665,1,9,X'',X'',1,0,1,1,NULL),
	(47,NULL,X'7469746C65',X'30',0,X'',NULL,X'E7BD91E7AB99E5908DE7A7B0',X'E7BD91E7AB99E5908DE7A7B0',X'31',1,4,1,0,1493725700,1,9,X'',X'',1,1,1,1,NULL),
	(48,NULL,X'6B6579776F726473',X'30',0,X'',NULL,X'E7BD91E7AB99E585B3E994AEE8AF8D',X'E7BD91E7AB99E585B3E994AEE8AF8D',X'31',1,8,2,0,1493725708,1,9,X'',X'',1,1,1,1,X'3137'),
	(49,NULL,X'64657363',X'30',0,X'',NULL,X'E7BD91E7AB99E68F8FE8BFB0',X'E7BD91E7AB99E68F8FE8BFB0',X'31',1,8,3,0,1493725727,1,9,X'',X'',1,1,1,1,X'3137'),
	(50,NULL,X'6C6F676F',X'30',0,X'',NULL,X'',X'E7BD91E7AB996C6F676F',X'3131',1,4,4,0,1493725767,1,9,X'',X'',1,1,1,1,NULL),
	(51,NULL,X'7171',X'30',0,X'',NULL,X'',X'7171E58FB7',X'32',1,4,5,0,1493727493,1,9,X'',X'',1,1,1,1,NULL),
	(52,NULL,X'6964',X'30',0,X'',NULL,X'',X'4944',X'31',1,4,0,0,1493728649,1,10,X'',X'',1,0,1,1,NULL),
	(53,NULL,X'6E616D65',X'30',0,X'',NULL,X'',X'E8A792E889B2E5908DE7A7B0',X'31',1,4,1,0,1493728661,1,10,X'',X'',1,1,1,1,NULL),
	(55,NULL,X'6964',X'30',0,X'',NULL,X'',X'4944',X'31',1,4,0,0,1493728712,1,11,X'',X'',1,0,1,1,NULL),
	(56,NULL,X'6163636F756E74',X'30',0,X'',NULL,X'',X'E8B4A6E58FB7',X'31',1,4,1,0,1493728721,1,11,X'',X'',1,1,1,1,NULL),
	(57,NULL,X'707764',X'30',0,X'',NULL,X'',X'E5AF86E7A081',X'3137',1,4,2,0,1493728735,1,11,X'',X'',0,1,1,1,X''),
	(58,NULL,X'726F6C655F6964',X'30',0,X'',NULL,X'',X'E8A792E889B2',X'38',1,4,3,0,1493744670,1,11,X'',X'54427C31307C69647C6E616D657C6E616D652C7374617475732C69642C617574685F6964737C7374617475733D31',1,1,0,1,X''),
	(59,NULL,X'64657363',X'30',0,X'',NULL,X'',X'E59BBEE78987',X'3131',1,8,4,0,1493774275,1,5,X'7B2273697A65223A313030302C2266696C655F74797065223A222A2E7070743B2A2E707074783B2A2E706E673B2A2E6A7065673B2A2E6A70673B2A2E504E47227D',X'',0,1,0,0,NULL),
	(60,NULL,X'6964',X'30',0,X'',NULL,X'',X'4944',X'31',1,4,0,0,1493774914,1,12,X'',X'',1,0,1,1,NULL),
	(61,NULL,X'696D67',X'30',0,X'',NULL,X'',X'696D67',X'3131',1,4,0,0,1493774927,1,12,X'',X'',1,1,1,1,NULL),
	(62,NULL,X'6964',X'30',0,X'',NULL,X'',X'4944',X'31',1,4,0,0,1493778567,1,13,X'',X'',1,0,1,1,NULL),
	(63,NULL,X'6E616D65',X'30',0,X'',NULL,X'736169646173',X'E5A793E5908D',X'36',1,4,5,0,1493778581,1,13,X'',X'313AE695B4E999A43B323AE998BFE890A8E5BEB73B333AE890A8E8BEBE3B',1,1,1,1,X'3138'),
	(64,NULL,X'707764',X'30',0,X'',NULL,X'',X'E5AF86E7A081',X'3137',1,4,2,0,1493778592,1,13,X'',X'',1,1,1,1,X'3139'),
	(65,NULL,X'736578',X'30',0,X'',NULL,X'',X'E680A7E588AB',X'34',1,4,3,0,1493778645,1,13,X'',X'313AE794B73B323AE5A5B33B',1,1,1,1,X'3230'),
	(66,NULL,X'746F757869616E67',X'30',0,X'',NULL,X'',X'E5A4B4E5838F',X'3131',1,4,4,0,1493778673,1,13,X'',X'',1,1,1,1,NULL),
	(67,NULL,X'616765',X'30',0,X'',NULL,X'',X'E5B9B4E9BE84',X'32',1,4,5,0,1493778684,1,13,X'',X'',1,1,1,1,NULL),
	(68,NULL,X'737461747573',X'30',0,X'',NULL,X'',X'E78AB6E68081',X'34',1,4,12,0,1493778710,1,13,X'',X'313AE590AFE794A83B323AE7A681E794A83B',1,0,1,1,NULL),
	(69,NULL,X'6964',X'30',0,X'',NULL,X'',X'4944',X'31',1,4,0,0,1493782212,1,15,X'',X'',1,0,1,1,NULL),
	(70,NULL,X'736578',X'30',0,X'',NULL,X'',X'736578',X'32',1,4,1,0,1493782281,1,15,X'',X'',1,1,1,1,NULL),
	(71,NULL,X'705F74696D65',X'30',0,X'',NULL,X'',X'E58F91E5B883E697B6E997B4',X'39',1,4,4,0,1493812849,1,5,X'',X'',1,1,1,1,NULL),
	(72,NULL,X'66726F6D',X'30',0,X'',NULL,X'',X'E69DA5E6BA90',X'36',1,4,2,0,1493813105,1,5,X'',X'6765745F7461626C655F646174617C6E6577735F74797065',1,1,1,1,NULL),
	(73,NULL,X'6964',X'30',0,X'',NULL,X'',X'4944',X'31',1,4,0,0,1493813390,1,16,X'',X'',1,0,1,1,NULL),
	(74,NULL,X'6E616D65',X'30',0,X'',NULL,X'',X'E6A087E7ADBEE5908D',X'31',1,4,1,0,1493813406,1,16,X'',X'',1,1,1,1,NULL),
	(75,NULL,X'64657363',X'30',0,X'',NULL,X'',X'E59BBEE78987',X'3131',1,4,10,0,1497404974,1,8,X'7B2273697A65223A313030302C2266696C655F74797065223A222A2E7070743B2A2E707074783B2A2E706E673B2A2E6A7065673B2A2E6A70673B2A2E504E47227D',X'',1,1,0,1,NULL),
	(76,NULL,X'6964',X'30',0,X'',NULL,X'',X'4944',X'31',1,4,0,0,1497890637,1,17,X'',X'',1,0,1,1,NULL),
	(77,NULL,X'6E616D65',X'30',0,X'',NULL,X'',X'E6A08FE79BAEE5908D',X'31',1,4,1,0,1497890651,1,17,X'',X'',1,1,1,1,X'31'),
	(78,NULL,X'7375625F6E616D65',X'30',0,X'',NULL,X'',X'E5908DE7A7B032',X'31',1,4,2,0,1497890672,1,17,X'',X'6765745F6E6176',0,1,0,1,X'31'),
	(79,NULL,X'69636F6E',X'30',0,X'',NULL,X'',X'E59BBEE6A087',X'31',1,4,3,0,1497890680,1,17,X'',X'',0,0,0,0,X'32'),
	(80,NULL,X'6F70656E5F74797065',X'30',0,X'',NULL,X'',X'E68993E5BC80E7B1BBE59E8B',X'34',1,4,4,0,1497890715,1,17,X'',X'323AE696B0E7AA97E58FA33B313AE5BD93E5898DE9A1B5E99DA23B',0,1,0,1,X'32'),
	(81,NULL,X'74656D706C6574',X'30',0,X'',NULL,X'',X'E6A8A1E78988',X'38',1,4,5,0,1497890730,1,17,X'',X'6765745F74656D706C6574',0,1,0,0,X'34'),
	(82,NULL,X'636F6E74656E74',X'30',0,X'',NULL,X'',X'E58685E5AEB9',X'3135',1,4,30,0,1497890745,1,17,X'',X'',0,1,0,0,X'31'),
	(83,NULL,X'6B6579776F726473',X'30',0,X'',NULL,X'',X'E585B3E994AEE5AD97',X'31',1,4,7,0,1497890779,1,17,X'',X'',0,1,0,0,X'33'),
	(84,NULL,X'6465736372697074696F6E',X'30',0,X'',NULL,X'',X'E68F8FE8BFB0',X'33',1,4,8,0,1497890793,1,17,X'',X'',0,1,0,0,X'33'),
	(85,NULL,X'736F7274',X'30',0,X'',NULL,X'',X'E68E92E5BA8F',X'32',1,4,9,0,1497890812,1,17,X'',X'',1,1,0,0,X'31'),
	(86,NULL,X'75705F6964',X'30',0,X'',NULL,X'',X'E4B88AE7BAA7',X'38',1,4,1,0,1497890890,1,17,X'',X'54427C32357C69647C6E616D657C7C75705F69643D30',1,1,1,0,X'31'),
	(87,NULL,X'696D67',X'30',0,X'',NULL,X'',X'E6A08FE79BAEE5A4A7E59BBE',X'3133',1,4,10,0,1497920675,1,17,X'',X'',0,1,0,0,X'36'),
	(88,NULL,X'646F6D61696E',X'30',0,X'',NULL,X'',X'E7BD91E7AB99E59F9FE5908D',X'31',1,4,4,0,1497924782,1,9,X'',X'',0,1,0,0,NULL),
	(89,NULL,X'74656C',X'30',0,X'',NULL,X'',X'E794B5E8AF9D',X'31',1,4,6,0,1497924797,1,9,X'',X'',0,1,0,0,NULL),
	(90,NULL,X'666178',X'30',0,X'',NULL,X'',X'E4BCA0E79C9F',X'31',1,4,7,0,1497924808,1,9,X'',X'',0,1,0,0,NULL),
	(91,NULL,X'61646472657373',X'30',0,X'',NULL,X'',X'E59CB0E59D80',X'31',1,4,8,0,1497924825,1,9,X'',X'',0,1,0,0,NULL),
	(92,NULL,X'656D61696C',X'30',0,X'',NULL,X'',X'E982AEE7AEB1',X'31',1,4,9,0,1497924847,1,9,X'',X'',0,1,0,0,NULL),
	(93,NULL,X'77785F696D67',X'30',0,X'',NULL,X'',X'E5BEAEE4BFA1E4BA8CE7BBB4E7A081',X'3131',1,4,10,0,1497924865,1,9,X'',X'',0,1,0,0,NULL),
	(94,NULL,X'6C6F6E67',X'30',0,X'',NULL,X'',X'E7BB8FE5BAA6',X'31',1,4,11,0,1497924878,1,9,X'',X'',0,1,0,0,NULL),
	(95,NULL,X'6C6174',X'30',0,X'',NULL,X'',X'E7BAACE5BAA6',X'31',1,4,12,0,1497924891,1,9,X'',X'',0,1,0,0,NULL),
	(96,NULL,X'6964',X'30',0,X'',NULL,X'',X'4944',X'31',1,4,0,0,1497925385,1,18,X'',X'',1,0,1,1,NULL),
	(97,NULL,X'70686F6E65',X'30',0,X'',NULL,X'',X'E794B5E8AF9D',X'31',1,4,3,0,1497925397,1,18,X'',X'',1,1,1,1,NULL),
	(98,NULL,X'656D61696C',X'30',0,X'',NULL,X'',X'E982AEE7AEB1',X'31',1,4,2,0,1497925405,1,18,X'',X'',1,1,1,1,X''),
	(99,NULL,X'6E616D65',X'30',0,X'',NULL,X'',X'E5A793E5908D',X'31',1,4,1,0,1497925419,1,18,X'',X'',1,1,1,1,NULL),
	(100,NULL,X'7171',X'30',0,X'',NULL,X'',X'7171',X'31',1,4,4,0,1497925434,1,18,X'',X'',1,1,1,1,NULL),
	(101,NULL,X'636F6E74656E74',X'30',0,X'',NULL,X'',X'E58685E5AEB9',X'33',1,8,5,0,1497925460,1,18,X'',X'',1,1,0,1,NULL),
	(102,NULL,X'635F74696D65',X'30',0,X'',NULL,X'',X'E697B6E997B4',X'39',1,4,6,0,1497925472,1,18,X'',X'',1,1,0,1,NULL),
	(103,NULL,X'6964',X'30',0,X'',NULL,X'',X'4944',X'31',1,4,0,0,1497925853,1,19,X'',X'',1,0,1,1,NULL),
	(104,NULL,X'746964',X'30',0,X'',NULL,X'',X'E58886E7B1BB',X'34',1,8,1,0,1497925895,1,19,X'',X'353AE5BA95E983A8E4BAA7E59381E59BBEE789873B333AE9A696E9A1B5E4B8ADE997B4E59BBEE789873B323AE5BA95E983A8E59BBEE789873B313AE9A696E9A1B5E59BBEE789873B343AE4BAA7E59381E9A1B5E4B8ADE997B4E59BBEE789873B363AE9A696E9A1B5E7A2A7E69E9CE5B195E7A4BAE5B7A6E4BEA73B373AE9A696E9A1B5E7A2A7E69E9CE5B195E7A4BAE58FB3E4BEA73B',1,1,1,1,NULL),
	(105,NULL,X'696D675F75726C',X'30',0,X'',NULL,X'',X'E59BBEE78987',X'3131',1,4,2,0,1497925907,1,19,X'',X'',1,1,0,1,NULL),
	(106,NULL,X'7469746C65',X'30',0,X'',NULL,X'',X'E59BBEE78987E6A087E9A298',X'31',1,4,3,0,1497925921,1,19,X'',X'',1,1,1,1,NULL),
	(107,NULL,X'6C696E6B',X'30',0,X'',NULL,X'',X'E993BEE68EA5',X'31',1,4,4,0,1497925937,1,19,X'',X'',1,1,1,0,NULL),
	(108,NULL,X'736F7274',X'30',0,X'31',NULL,X'',X'E68E92E5BA8F',X'32',1,4,5,0,1497925950,1,19,X'',X'',1,1,1,0,NULL),
	(109,NULL,X'6964',X'30',0,X'',NULL,X'',X'4944',X'31',1,4,0,0,1497926132,1,20,X'',X'',1,0,1,1,NULL),
	(110,NULL,X'6E616D65',X'30',0,X'',NULL,X'',X'E5908DE7A7B0',X'31',1,4,1,0,1497926149,1,20,X'',X'',1,1,1,1,NULL),
	(111,NULL,X'64657363',X'30',0,X'',NULL,X'',X'E68F8FE8BFB0',X'33',1,8,2,0,1497926167,1,20,X'',X'',1,1,0,0,NULL),
	(112,NULL,X'696D67',X'30',0,X'',NULL,X'',X'E58D95E5BCA0E59BBEE78987',X'3131',1,4,3,0,1497926181,1,20,X'',X'',1,1,0,0,NULL),
	(113,NULL,X'696D6773',X'30',0,X'',NULL,X'',X'E5A49AE5BCA0E59BBEE78987',X'3133',1,8,4,0,1497926210,1,20,X'',X'',0,1,0,0,NULL),
	(116,NULL,X'6964',X'30',0,X'',NULL,X'',X'4944',X'31',1,4,0,0,1497940432,1,21,X'',X'',1,0,1,1,NULL),
	(117,NULL,X'706167655F73697A65',X'30',0,X'',NULL,X'',X'E5908EE58FB0E6AF8FE9A1B5E698BEE7A4BAE69DA1E695B0',X'32',1,4,1,0,1497940467,1,21,X'',X'',1,1,1,1,NULL),
	(118,NULL,X'69735F656469745F72656672657368',X'30',0,X'',NULL,X'',X'E7BC96E8BE91E5908EE9A1B5E99DA2E698AFE590A6E588B7E696B0',X'34',1,4,2,0,1497940507,1,21,X'',X'313AE588B7E696B03B323AE4B88DE588B7E696B03B',1,1,1,1,NULL),
	(119,NULL,X'77785F6170706964',X'30',0,X'',NULL,X'',X'E5BEAEE4BFA16170706964',X'31',1,4,3,0,1497940522,1,21,X'',X'',0,0,0,0,X''),
	(120,NULL,X'77785F73656372656374',X'30',0,X'',NULL,X'',X'E5BEAEE4BFA173656372656374',X'31',1,4,4,0,1497940536,1,21,X'',X'',0,0,0,0,X''),
	(121,NULL,X'6964',X'30',0,X'',NULL,X'',X'4944',X'31',1,4,0,0,1497943469,1,22,X'',X'',1,0,1,1,NULL),
	(122,NULL,X'7469746C65',X'30',0,X'',NULL,X'',X'E6A087E9A298',X'31',1,4,1,0,1497943485,1,22,X'',X'',1,1,1,1,NULL),
	(123,NULL,X'777269746572',X'30',0,X'',NULL,X'',X'E69DA5E6BA90EFBC8FE4BD9CE88085',X'31',1,4,2,0,1497943500,1,22,X'',X'',1,1,1,1,NULL),
	(124,NULL,X'7468756D62',X'30',0,X'',NULL,X'',X'E7BCA9E795A5E59BBE',X'3131',1,4,3,0,1497943520,1,22,X'',X'',1,1,0,1,NULL),
	(125,NULL,X'636F6E74656E74',X'30',0,X'',NULL,X'',X'E69687E7ABA0E58685E5AEB9',X'3135',1,8,10,0,1497943542,1,22,X'',X'',0,1,0,1,NULL),
	(126,NULL,X'64657363',X'30',0,X'',NULL,X'',X'E68F8FE8BFB0',X'33',1,8,1,0,1497943569,1,22,X'',X'',0,1,0,1,NULL),
	(127,NULL,X'766965775F6E756D73',X'30',0,X'',NULL,X'',X'E6B58FE8A788E9878F',X'32',1,2,11,0,1497943591,1,22,X'',X'',1,1,0,1,NULL),
	(128,NULL,X'705F74696D65',X'30',0,X'',NULL,X'',X'E58F91E5B883E697B6E997B4',X'39',1,4,12,0,1497943616,1,22,X'',X'',1,1,0,1,NULL),
	(129,NULL,X'746964',X'30',0,X'',NULL,X'',X'E6A08FE79BAE4944',X'38',1,4,1,0,1497945621,1,22,X'',X'54427C31377C69647C6E616D657C6E616D652C6F70656E5F747970652C69636F6E7C',1,1,1,1,X''),
	(130,NULL,X'72656D61726B',X'30',0,X'',NULL,X'',X'E8AFB4E6988E',X'33',1,8,14,0,1497950275,1,1,X'',X'',0,1,0,0,X'38'),
	(131,NULL,X'737461747573',X'30',0,X'',NULL,X'',X'E78AB6E68081',X'34',1,4,40,0,1497950792,1,17,X'',X'6765745F737461747573',1,0,1,1,X'31'),
	(132,NULL,X'6B6579776F726473',X'30',0,X'',NULL,X'',X'73656FE585B3E994AEE5AD97',X'31',1,4,13,0,1497950887,1,22,X'',X'',0,1,0,0,NULL),
	(133,NULL,X'6465736372697074696F6E',X'30',0,X'',NULL,X'',X'73656FE68F8FE8BFB0',X'33',1,4,14,0,1497950908,1,22,X'',X'',0,1,0,0,NULL),
	(134,NULL,X'74656D706C65745F64657461696C',X'30',0,X'',NULL,X'',X'E8AFA6E68385E9A1B5E6A8A1E78988',X'38',1,4,5,0,1498007741,1,17,X'',X'6765745F74656D706C6574',0,1,0,0,X'31'),
	(135,NULL,X'6964',X'30',0,X'',NULL,X'',X'6964',X'31',1,4,0,0,1498025877,1,23,X'',X'',1,0,1,1,X'3132'),
	(136,NULL,X'7469746C65',X'30',0,X'',NULL,X'',X'E4BAA7E59381E5908D',X'31',1,4,1,0,1498025886,1,23,X'',X'',1,1,1,1,X'3132'),
	(137,NULL,X'7468756D62',X'30',0,X'',NULL,X'',X'E4BAA7E59381E7BCA9E795A5E59BBE',X'3131',1,4,2,0,1498025902,1,23,X'',X'',1,1,0,1,X'3132'),
	(138,NULL,X'696D6773',X'30',0,X'',NULL,X'',X'E4BAA7E59381E8BDAEE692ADE59BBE',X'3133',1,8,3,0,1498025966,1,23,X'',X'',0,1,0,1,X'3132'),
	(139,NULL,X'64657363',X'30',0,X'',NULL,X'',X'E4BAA7E59381E68F8FE8BFB0',X'33',1,8,4,0,1498025999,1,23,X'',X'',0,1,0,1,X'3132'),
	(140,NULL,X'636F6E74656E74',X'30',0,X'',NULL,X'',X'E4BAA7E59381E8AFA6E68385',X'3135',1,8,5,0,1498026029,1,23,X'',X'',0,1,0,1,X'37'),
	(141,NULL,X'74797065',X'30',0,X'',NULL,X'',X'E7B1BBE59E8B',X'3138',1,4,6,0,1498034091,1,23,X'',X'313AE69687E7ABA03B323AE4BAA7E593813B',0,1,0,0,X'37'),
	(142,NULL,X'74797065',X'30',0,X'',NULL,X'',X'E7B1BBE59E8B',X'3138',1,4,15,0,1498034455,1,22,X'',X'313AE69687E7ABA03B323AE4BAA7E593813B',0,0,0,0,X''),
	(143,NULL,X'746964',X'30',0,X'',NULL,X'',X'E58886E7B1BB',X'38',1,4,1,0,1498035552,1,23,X'',X'54427C31377C69647C6E616D657C6E616D652C6F70656E5F747970652C69636F6E7C',1,1,1,1,X'35'),
	(144,NULL,X'6669656C6431',X'30',0,X'',NULL,X'',X'E5BA95E983A8E4BB8BE7BB8D',X'33',1,8,33,0,1498043436,1,9,X'',X'',0,1,0,0,NULL),
	(145,NULL,X'77785F6170706964',X'30',0,X'',NULL,X'',X'E5BEAEE4BFA14150504944',X'31',1,4,13,0,1498205055,1,9,X'',X'',0,1,0,0,X'3134'),
	(146,NULL,X'77785F617070736563726574',X'30',0,X'',NULL,X'',X'E5BEAEE4BFA1415050534543524554',X'31',1,4,14,0,1498205076,1,9,X'',X'',0,1,0,0,X'3134'),
	(147,NULL,X'73686172655F7469746C65',X'30',0,X'',NULL,X'',X'E5BEAEE4BFA1E58886E4BAABE6A087E9A298',X'31',1,4,15,0,1498210399,1,9,X'',X'',0,1,0,0,X'3134'),
	(148,NULL,X'73686172655F64657363',X'30',0,X'',NULL,X'',X'E5BEAEE4BFA1E58886E4BAABE68F8FE8BFB0',X'31',1,4,16,0,1498210415,1,9,X'',X'',0,1,0,0,X'3134'),
	(149,NULL,X'73686172655F69636F6E',X'30',0,X'',NULL,X'',X'E5BEAEE4BFA1E58886E4BAABE59BBEE6A087',X'3131',1,4,17,0,1498210436,1,9,X'',X'',0,1,0,0,X'3134'),
	(150,NULL,X'6964',X'30',0,X'',NULL,X'',X'4944',X'31',1,4,0,0,1498447418,1,24,X'',X'',1,0,1,1,X''),
	(151,NULL,X'6D6964',X'30',0,X'',NULL,X'',X'E88F9CE58D954944',X'38',1,4,2,0,1498447453,1,24,X'',X'6774647C7379735F6D6F64656C',1,1,1,1,X''),
	(152,NULL,X'6E616D65',X'30',0,X'',NULL,X'',X'E5908DE7A7B0',X'31',1,4,1,0,1498447464,1,24,X'',X'',1,1,1,1,X''),
	(153,NULL,X'736F7274',X'30',0,X'',NULL,X'',X'E68E92E5BA8F',X'32',1,4,3,0,1498447477,1,24,X'',X'',1,1,1,1,X''),
	(154,NULL,X'6B6579776F726473',X'30',0,X'',NULL,X'',X'E585B3E994AEE8AF8D',X'31',1,4,7,0,1498452092,1,23,X'',X'',0,1,0,0,X'35'),
	(155,NULL,X'6465736372697074696F6E',X'30',0,X'',NULL,X'',X'E68F8FE8BFB0',X'33',1,4,8,0,1498452110,1,23,X'',X'',0,1,0,0,X'35'),
	(156,NULL,X'6964',X'30',0,X'',NULL,X'',X'4964',X'31',1,4,0,0,1498526914,1,25,X'',X'',1,0,1,1,X''),
	(157,NULL,X'6E616D65',X'30',0,X'',NULL,X'',X'E4B88AE7BAA7E5AFBCE888AAE5908D',X'31',1,4,1,0,1498526931,1,25,X'',X'',1,1,1,1,X''),
	(158,NULL,X'736F72745F6669656C64',X'30',0,X'6964',NULL,X'',X'E68E92E5BA8FE5AD97E6AEB5',X'31',1,4,15,0,1498553734,1,1,X'',X'',0,1,0,1,X'38'),
	(159,NULL,X'706167655F73697A65',X'30',0,X'3230',NULL,X'',X'E6AF8FE9A1B5E698BEE7A4BAE695B0E9878F',X'32',1,4,17,0,1498553768,1,1,X'',X'',0,1,0,1,X'38'),
	(160,NULL,X'736F72745F72756C65',X'30',0,X'44455343',NULL,X'',X'E68E92E5BA8FE8A784E58899',X'34',1,4,16,0,1498553817,1,1,X'',X'444553433A444553433B4153433A4153433B',0,1,0,1,X'38'),
	(161,NULL,X'69735F726563757273697665',X'30',0,X'30',NULL,X'',X'E698AFE590A6E98092E5BD92E698BEE7A4BA',X'34',1,4,18,0,1498667537,1,1,X'',X'303AE6ADA3E5B8B83B313AE98092E5BD923B',0,1,0,0,X'38'),
	(162,NULL,X'7265637572736976655F706172616D',X'30',0,X'',NULL,X'',X'E98092E5BD92E58F82E695B0',X'31',1,4,19,0,1498667577,1,1,X'',X'',0,1,0,0,X'38'),
	(163,NULL,X'6C6973745F73686F775F74797065',X'30',0,X'31',NULL,X'',X'E698BEE7A4BAE6A0B7E5BC8F',X'34',1,8,20,0,1498697536,1,1,X'',X'313AE6A0B7E5BC8F313B323AE6A0B7E5BC8F323B',0,1,0,0,X'38'),
	(164,NULL,X'705F74696D65',X'30',0,X'',NULL,X'',X'E58F91E5B883E697B6E997B4',X'39',1,4,10,0,1498699828,1,23,X'',X'',0,1,0,0,X'35'),
	(165,NULL,X'69636F6E5F636C617373',X'30',0,X'',NULL,X'',X'E59BBEE6A087',X'3139',1,4,2,0,1498754333,1,6,X'',X'',1,1,0,1,X''),
	(166,NULL,X'636F6C6F72',X'30',0,X'',NULL,X'',X'E9A29CE889B2',X'3134',1,4,2,0,1498754613,1,6,X'',X'',1,1,1,1,X''),
	(167,NULL,X'61646D696E5F636F6C6F72',X'30',0,X'',NULL,X'',X'E5908EE58FB0E4B8BBE9A298E9A29CE889B2',X'3134',1,4,5,0,1498756518,1,21,X'',X'',1,1,1,1,X''),
	(168,NULL,X'6964',X'30',0,X'',NULL,X'',X'4944',X'31',1,4,0,0,1499253111,1,14,X'',X'',1,0,1,1,X''),
	(169,NULL,X'6E616D65',X'30',0,X'',NULL,X'',X'E799BBE8AEB0E5908D',X'31',1,4,1,0,1499253663,1,14,X'',X'',1,1,1,1,X''),
	(170,NULL,X'74756269616F',X'30',0,X'',NULL,X'',X'E7AD89E7BAA7E59BBEE6A087',X'3131',1,4,2,0,1499253675,1,14,X'',X'',1,1,1,1,X''),
	(171,NULL,X'737461747573',X'30',0,X'31',NULL,X'',X'E78AB6E68081',X'34',1,4,3,0,1499253710,1,14,X'',X'313AE6ADA3E5B8B83B2D313AE4B88DE6ADA3E5B8B83B',1,1,1,1,X''),
	(172,NULL,X'72616E6B5F6964',X'30',0,X'',NULL,X'',X'E4BC9AE59198E7AD89E7BAA7',X'38',1,4,13,0,1499253819,1,13,X'',X'54427C31347C69647C6E616D657C6E616D652C74756269616F7C',1,1,1,1,X'3138'),
	(173,NULL,X'6964',X'30',0,X'',NULL,X'',X'4944',X'32',1,4,0,0,1499255837,1,26,X'',X'',1,0,1,1,X''),
	(174,NULL,X'737461747573',X'30',0,X'31',NULL,X'',X'E78AB6E68081',X'34',1,4,1,0,1499255971,1,26,X'',X'313AE5BC80E590AF3B303AE99A90E8978F3B',1,1,1,1,X''),
	(175,NULL,X'67726F75705F6964',X'30',0,X'31',NULL,X'',X'E58886E7BB844944',X'38',1,4,2,0,1499256041,1,26,X'',X'6765745F7461626C655F646174617C757365725F72616E6B',1,1,1,1,X''),
	(176,NULL,X'61646474696D65',X'30',0,X'',NULL,X'',X'E6B7BBE58AA0E697B6E997B4',X'39',1,4,3,0,1499256138,1,26,X'',X'',1,1,1,1,X''),
	(177,NULL,X'74656C',X'30',0,X'',NULL,X'',X'E794B5E8AF9D',X'32',1,4,4,0,1499256175,1,26,X'',X'',1,1,1,1,X''),
	(178,NULL,X'6E616D65',X'30',0,X'',NULL,X'',X'E5908DE7A7B0',X'31',1,8,5,0,1499256230,1,26,X'',X'',1,1,1,1,X''),
	(179,NULL,X'6964',X'30',0,X'',NULL,X'',X'4944',X'31',1,4,0,0,1499514700,1,27,X'',X'',1,0,1,1,X''),
	(180,NULL,X'6365736869',X'30',0,X'',NULL,X'E995BFE5BAA6E4B88DE883BDE5A4A7E4BA8E3131E4BD8D',X'617364',X'34',1,4,1,0,1499514710,1,27,X'746578747C312C3130',X'6765745F7461626C655F646174617C757365725F72616E6B2C69643E32',1,1,1,0,X''),
	(181,NULL,X'636573686932',X'30',0,X'',NULL,X'',X'E6898BE69CBAE58FB7',X'3130',1,4,2,0,1499658127,1,27,X'75706C6F61647C2A2E706E673B2A2E6A70673B7C353030',X'',1,1,1,0,X''),
	(182,NULL,X'617364',X'30',0,X'',NULL,X'',X'E982AEE7AEB1',X'31',1,4,3,0,1499658139,1,27,X'656D61696C',X'',1,1,1,1,X''),
	(183,NULL,X'736164',X'30',0,X'',NULL,X'',X'E695B0E5AD97',X'31',1,4,4,0,1499658155,1,27,X'6E756D626572',X'',1,1,1,1,X''),
	(184,NULL,X'69735F737973',X'30',0,X'',NULL,X'',X'E698AFE590A6E698AFE7B3BBE7BB9FE9A284E8AEBE',X'34',1,4,0,0,1499736764,1,1,X'',X'313AE698AF3B303AE4B88DE698AF3B',0,0,0,0,X'39'),
	(185,NULL,X'74657874',X'30',0,X'',NULL,X'',X'E5A487E6B3A8',X'31',1,4,8,0,1499738006,1,6,X'',X'',0,1,0,0,X''),
	(186,NULL,X'737461747573',X'30',0,X'31',NULL,X'',X'E78AB6E68081',X'34',1,4,9,0,1499738647,1,6,X'',X'6765745F737461747573',1,1,1,1,X'');

/*!40000 ALTER TABLE `kt_sys_fields` ENABLE KEYS */;
UNLOCK TABLES;


# Dump of table kt_sys_fieldtype
# ------------------------------------------------------------

DROP TABLE IF EXISTS `kt_sys_fieldtype`;

CREATE TABLE `kt_sys_fieldtype` (
  `id` int(11) unsigned NOT NULL AUTO_INCREMENT,
  `name` varchar(255) COLLATE utf8mb4_bin DEFAULT NULL,
  `content` tinyint(4) DEFAULT NULL,
  `c_time` int(11) DEFAULT '0',
  PRIMARY KEY (`id`)
) ENGINE=InnoDB DEFAULT CHARSET=utf8mb4 COLLATE=utf8mb4_bin;

LOCK TABLES `kt_sys_fieldtype` WRITE;
/*!40000 ALTER TABLE `kt_sys_fieldtype` DISABLE KEYS */;

INSERT INTO `kt_sys_fieldtype` (`id`, `name`, `content`, `c_time`)
VALUES
	(1,X'74657874',NULL,0),
	(2,X'6E756D626572',NULL,0),
	(3,X'7465787461726561',NULL,0),
	(4,X'726164696F',NULL,0),
	(5,X'636865636B626F78',NULL,0),
	(6,X'73656C656374',NULL,0),
	(7,X'73656C6563745F6D756C7469706C65',NULL,0),
	(8,X'73656C6563745F63686F7365',NULL,0),
	(9,X'74696D65',NULL,0),
	(10,X'75706C6F61645F66696C65',NULL,0),
	(11,X'75706C6F61645F696D67',NULL,0),
	(12,X'75706C6F61645F66696C6573',NULL,0),
	(13,X'75706C6F61645F696D6773',NULL,0),
	(14,X'636F6C6F72',NULL,0),
	(15,X'75655F656469746F72',NULL,0),
	(16,X'6F7065726174696F6E',NULL,0),
	(17,X'70617373776F7264',NULL,0),
	(18,X'68696464656E',NULL,0),
	(19,X'666F6E74617765736F6D65',NULL,0),
	(20,X'696E7075742D726561646F6E6C79',NULL,0);

/*!40000 ALTER TABLE `kt_sys_fieldtype` ENABLE KEYS */;
UNLOCK TABLES;


# Dump of table kt_sys_logs
# ------------------------------------------------------------

DROP TABLE IF EXISTS `kt_sys_logs`;

CREATE TABLE `kt_sys_logs` (
  `id` int(11) unsigned NOT NULL AUTO_INCREMENT,
  `username` varchar(255) COLLATE utf8mb4_bin DEFAULT NULL,
  `ip` varchar(20) COLLATE utf8mb4_bin NOT NULL COMMENT 'ip地址',
  `created_at` timestamp NOT NULL DEFAULT CURRENT_TIMESTAMP ON UPDATE CURRENT_TIMESTAMP COMMENT '创建时间',
  PRIMARY KEY (`id`)
) ENGINE=InnoDB DEFAULT CHARSET=utf8mb4 COLLATE=utf8mb4_bin;

LOCK TABLES `kt_sys_logs` WRITE;
/*!40000 ALTER TABLE `kt_sys_logs` DISABLE KEYS */;

INSERT INTO `kt_sys_logs` (`id`, `username`, `ip`, `created_at`)
VALUES
	(1,X'61646D696E',X'302E302E302E30','2017-04-17 14:12:10'),
	(2,X'61646D696E',X'302E302E302E30','2017-04-17 14:22:02'),
	(3,X'31',X'31','2017-04-24 11:56:20'),
	(4,X'31',X'31','2017-04-24 11:56:24');

/*!40000 ALTER TABLE `kt_sys_logs` ENABLE KEYS */;
UNLOCK TABLES;


# Dump of table kt_sys_menu
# ------------------------------------------------------------

DROP TABLE IF EXISTS `kt_sys_menu`;

CREATE TABLE `kt_sys_menu` (
  `id` int(11) unsigned NOT NULL AUTO_INCREMENT,
  `name` varchar(50) COLLATE utf8mb4_bin DEFAULT '' COMMENT '菜单名',
  `action` varchar(255) COLLATE utf8mb4_bin DEFAULT '' COMMENT '控制器',
  `model_id` int(11) DEFAULT '0',
  `up_id` int(11) DEFAULT '0',
  `sort` tinyint(1) DEFAULT '0',
  `c_time` int(11) DEFAULT '0',
  `status` tinyint(1) DEFAULT '1',
  `operation` varchar(255) COLLATE utf8mb4_bin DEFAULT NULL,
  `url` varchar(255) COLLATE utf8mb4_bin DEFAULT NULL,
  `param` varchar(50) COLLATE utf8mb4_bin DEFAULT NULL,
  `class` varchar(255) COLLATE utf8mb4_bin DEFAULT NULL,
  `remark` varchar(500) COLLATE utf8mb4_bin DEFAULT NULL,
  `sort_field` varchar(50) COLLATE utf8mb4_bin DEFAULT NULL,
  `page_size` int(11) DEFAULT '0',
  `sort_rule` varchar(20) COLLATE utf8mb4_bin DEFAULT '1',
  `is_recursive` tinyint(1) DEFAULT '0',
  `recursive_param` varchar(50) COLLATE utf8mb4_bin DEFAULT NULL,
  `list_show_type` tinyint(1) DEFAULT '1',
  `is_sys` tinyint(1) DEFAULT '0',
  PRIMARY KEY (`id`)
) ENGINE=InnoDB DEFAULT CHARSET=utf8mb4 COLLATE=utf8mb4_bin COMMENT='后台菜单表';

LOCK TABLES `kt_sys_menu` WRITE;
/*!40000 ALTER TABLE `kt_sys_menu` DISABLE KEYS */;

INSERT INTO `kt_sys_menu` (`id`, `name`, `action`, `model_id`, `up_id`, `sort`, `c_time`, `status`, `operation`, `url`, `param`, `class`, `remark`, `sort_field`, `page_size`, `sort_rule`, `is_recursive`, `recursive_param`, `list_show_type`, `is_sys`)
VALUES
	(1,X'E5BC80E58F91E5B7A5E585B7',X'',0,0,1,0,-1,X'31',X'',X'',X'66612066612D6C6567616C',X'',X'6964',0,X'44455343',0,X'',1,1),
	(2,X'E88F9CE58D95E7AEA1E79086',X'',1,1,13,0,1,X'322C352C332C342C392C3130',X'',X'',X'',X'6265697A6173647361',X'6964',50,X'44455343',1,X'75705F6964',1,1),
	(3,X'E6A8A1E59E8BE7AEA1E79086',X'',2,1,2,0,1,X'322C332C342C38',X'',X'',X'',X'',X'6964',0,X'44455343',0,X'',1,1),
	(6,X'E6938DE4BD9CE58897E8A1A8',X'',6,1,5,0,1,X'322C352C332C342C362C392C31302C3132',X'',X'',X'',X'',X'6964',0,X'44455343',0,X'',1,1),
	(9,X'E59BBEE78987E7AEA1E79086',X'',0,0,6,1493687440,1,X'31',X'',X'',X'676C79706869636F6E20676C79706869636F6E2D70696374757265',NULL,NULL,0,X'44455343',0,NULL,1,1),
	(21,X'E7B3BBE7BB9FE7AEA1E79086',X'',0,0,2,1493725606,1,X'31',X'',X'',X'66612066612D636F672066612D7370696E',X'',X'6964',0,X'44455343',0,X'',1,1),
	(22,X'E7B3BBE7BB9FE8AEBEE7BDAE',X'',9,21,2,1493725630,1,X'33',X'',X'',X'676C79706869636F6E20676C79706869636F6E2D636F67',NULL,NULL,0,X'44455343',0,NULL,1,1),
	(23,X'E695B0E68DAEE5BA93E8AEBEE8AEA1',X'',0,1,1,1493726758,1,X'31',X'2F696E6465782E7068702F61646D696E2F646576656C6F702F7461626C655F6C697374',X'',X'',NULL,NULL,0,X'44455343',0,NULL,1,1),
	(24,X'E7AEA1E79086E59198E8AEBEE7BDAE',X'',0,0,3,1493728180,1,X'31',X'',X'',X'66612066612D757365722D736563726574',X'',X'6964',0,X'44455343',0,X'',1,1),
	(25,X'E8A792E889B2E8AEBEE7BDAE',X'',10,24,0,1493728233,1,X'322C31312C332C342C36',X'',X'',X'',NULL,NULL,0,X'44455343',0,NULL,1,1),
	(26,X'E7AEA1E79086E59198E58897E8A1A8',X'',11,24,15,1493728307,1,X'322C352C332C342C362C392C3130',X'',X'',X'',X'31',X'6964',20,X'415343',0,NULL,1,1),
	(28,X'E4BC9AE59198E7AEA1E79086',X'',0,0,116,1493778295,1,X'31',X'',X'',X'66612066612D7573657273',X'',X'6964',0,X'44455343',0,X'',1,0),
	(29,X'E4BC9AE59198E58897E8A1A8',X'',13,28,1,1493778329,1,X'322C332C342C362C392C31302C3132',X'',X'26',X'',X'',X'6964',0,X'415343',0,X'',2,0),
	(30,X'E7AD89E7BAA7E8AEBEE7BDAE',X'',14,28,0,1493778944,1,X'322C352C31342C332C342C362C392C3130',X'',X'',X'',X'',X'6964',0,X'44455343',0,X'',1,0),
	(32,X'E4BC9AE59198E8AEBEE7BDAE',X'',15,28,0,1493781384,1,X'312C322C332C34',X'',X'',X'',NULL,NULL,0,X'44455343',0,NULL,1,0),
	(34,X'E5AFBCE888AAE7AEA1E79086',X'',0,0,3,1497890012,1,X'31',X'',X'',X'66612066612D6E617669636F6E',X'',X'6964',0,X'44455343',0,X'',1,0),
	(35,X'E5AFBCE888AAE58897E8A1A8',X'',17,34,1,1497890058,1,X'322C352C332C342C372C362C392C31302C3132',X'',X'2675705F69643D30',X'',X'31323132',X'736F7274',20,X'44455343',1,X'75705F6964',1,0),
	(36,X'E69687E7ABA0E7AEA1E79086',X'',0,0,4,1497921188,1,X'31',X'',X'',X'66612066612D6E65777370617065722D6F',X'',X'6964',0,X'44455343',0,X'',1,0),
	(38,X'E69687E7ABA0E58886E7B1BB',X'',7,36,1,1497921368,-1,X'322C352C332C342C372C362C392C3130',X'',X'',X'',X'',X'6964',0,X'44455343',0,X'',1,0),
	(39,X'E69687E7ABA0E58897E8A1A8',X'',22,36,2,1497921391,1,X'322C352C332C342C362C392C3130',X'',X'26747970653D31',X'',X'713132313231323533313233313233313233',X'6964',20,X'44455343',0,X'',1,0),
	(40,X'E4BAA7E59381E58886E7B1BB',X'',0,37,1,1497921391,-1,X'322C352C332C342C362C392C3130',X'',X'',X'',NULL,NULL,0,X'44455343',0,NULL,1,0),
	(41,X'E4BAA7E59381E58897E8A1A8',X'',23,37,2,1497921568,1,X'322C352C332C342C362C392C3130',X'',X'26747970653D32',X'',X'E5A487E6B3A8',NULL,0,X'44455343',0,NULL,1,0),
	(42,X'E79599E8A880E7AEA1E79086',X'',0,0,35,1497925223,1,X'31',X'',X'',X'676C79706869636F6E20676C79706869636F6E2D636F6D6D656E74',NULL,NULL,0,X'44455343',0,NULL,1,0),
	(43,X'E79599E8A880E58897E8A1A8',X'',18,42,1,1497925256,1,X'352C342C36',X'',X'',X'',NULL,NULL,0,X'44455343',0,NULL,1,0),
	(44,X'E585B6E5AE83E7AEA1E79086',X'',0,0,37,1497925549,1,X'31',X'',X'',X'676C79706869636F6E20676C79706869636F6E2D746578742D7769647468',NULL,NULL,0,X'44455343',0,NULL,1,0),
	(45,X'E887AAE5AE9AE4B989E5AD97E6AEB5',X'',20,44,1,1497925573,1,X'322C352C332C342C36',X'',X'',X'',NULL,NULL,0,X'44455343',0,NULL,1,0),
	(46,X'E59BBEE78987E58897E8A1A8',X'',19,9,1,1497925647,1,X'322C352C332C342C36',X'',X'',X'',X'737373',X'6964',20,X'44455343',0,X'',1,0),
	(47,X'E7BD91E7AB99E9858DE7BDAE',X'',21,21,2,1497940368,1,X'352C33',X'',X'',X'',NULL,NULL,0,X'44455343',0,NULL,1,1),
	(48,X'544142E58897E8A1A8',X'',24,1,6,1498447366,1,X'322C332C342C362C3132',X'',X'',X'',X'E697A0',X'6964',0,X'44455343',0,X'',1,1),
	(51,X'3132343233343233',X'',0,50,1,1499254213,1,X'322C352C332C342C392C3130',X'',X'',X'',X'',X'6964',20,X'44455343',0,X'',1,0),
	(52,X'6173646173',X'',0,51,1,1499254228,1,X'32',X'',X'',X'',X'',X'6964',20,X'44455343',0,X'',1,0),
	(53,X'E6B58BE8AF95E4BC9AE59198',X'',26,55,1,1499255435,1,X'322C332C342C362C392C31302C3132',X'',X'',X'66612066612D3530307078',X'',X'6964',20,X'44455343',0,X'',1,0),
	(56,X'E69687E4BBB6E7AEA1E79086',X'',0,0,1,1499327480,1,X'31',X'',X'',X'66612066612D666F6C6465722D6F70656E',X'',X'6964',20,X'44455343',0,X'',1,0),
	(57,X'E69687E4BBB6E58897E8A1A8',X'',0,56,1,1499327552,1,X'352C34',X'2F696E6465782E7068702F61646D696E2F646576656C6F702F66696C65735F6C697374',X'',X'',X'',X'6964',20,X'44455343',0,X'',1,0),
	(60,X'E6B58BE8AF95E4B88B',X'',27,58,1,1499513798,1,X'322C352C342C37',X'',X'',X'',X'',X'6964',20,X'44455343',0,X'',1,0),
	(61,X'3231333132',X'',0,60,1,1499734856,1,X'31',X'',X'',X'',X'',X'6964',20,X'44455343',0,X'',1,1);

/*!40000 ALTER TABLE `kt_sys_menu` ENABLE KEYS */;
UNLOCK TABLES;


# Dump of table kt_sys_model
# ------------------------------------------------------------

DROP TABLE IF EXISTS `kt_sys_model`;

CREATE TABLE `kt_sys_model` (
  `id` int(11) unsigned NOT NULL AUTO_INCREMENT,
  `name` varchar(255) COLLATE utf8mb4_bin DEFAULT NULL,
  `c_time` int(11) DEFAULT '0',
  `status` tinyint(1) DEFAULT '1',
  `table` varchar(50) COLLATE utf8mb4_bin DEFAULT NULL,
  PRIMARY KEY (`id`)
) ENGINE=InnoDB DEFAULT CHARSET=utf8mb4 COLLATE=utf8mb4_bin;

LOCK TABLES `kt_sys_model` WRITE;
/*!40000 ALTER TABLE `kt_sys_model` DISABLE KEYS */;

INSERT INTO `kt_sys_model` (`id`, `name`, `c_time`, `status`, `table`)
VALUES
	(1,X'E88F9CE58D95E6A8A1E59E8B',1,1,X'7379735F6D656E75'),
	(2,X'E6A8A1E59E8BE8AEBEE7BDAE',0,1,X'7379735F6D6F64656C'),
	(3,X'E9A696E9A1B5E585ACE5918A',0,1,X'6E6F74696365'),
	(5,X'E69687E7ABA0E6A8A1E59E8B',0,1,X'6E657773'),
	(6,X'E6938DE4BD9CE6A8A1E59E8B',0,1,X'7379735F6F7065726174696F6E'),
	(7,X'E69687E7ABA0E58886E7B1BBE6A8A1E59E8B',0,1,X'6E6577735F74797065'),
	(8,X'E69687E7ABA0E6A8A1E59E8B32',1493724953,1,X'6E657773'),
	(9,X'E7B3BBE7BB9FE8AEBEE7BDAE',1493725588,1,X'7379735F736574'),
	(10,X'E8A792E889B2E8AEBEE7BDAE',1493728456,1,X'7379735F726F6C65'),
	(11,X'E7AEA1E79086E59198E6A8A1E59E8B',1493728476,1,X'7379735F61646D696E'),
	(12,X'74757069616E',1493774867,1,X'7470'),
	(13,X'E4BC9AE59198E6A8A1E59E8B',1493778350,1,X'75736572'),
	(14,X'E4BC9AE59198E7AD89E7BAA7E6A8A1E59E8B',1493780966,1,X'757365725F72616E6B'),
	(15,X'E4BC9AE59198E8AEBEE7BDAEE6A8A1E59E8B',1493782135,1,X'757365725F736574'),
	(16,X'E6A087E7ADBEE6A8A1E59E8B',1493813347,1,X'6E6577735F74616773'),
	(17,X'E5AFBCE888AAE6A8A1E59E8B',1497890613,1,X'6E6176'),
	(18,X'E79599E8A880E6A8A1E59E8B',1497925371,1,X'73756767657374'),
	(19,X'E59BBEE78987E6A8A1E59E8B',1497925836,1,X'696D6773'),
	(20,X'E887AAE5AE9AE4B989E5AD97E6AEB5E6A8A1E59E8B',1497926113,1,X'6469795F6669656C64'),
	(21,X'E7BD91E7AB99E9858DE7BDAE',1497940414,1,X'7379735F636F6E666967'),
	(22,X'E69687E7ABA0E6A8A1E59E8B',1497943454,1,X'6E657773'),
	(23,X'E4BAA7E59381E6A8A1E59E8B',1498025687,1,X'6E657773'),
	(24,X'544142E6A8A1E59E8B',1498447397,1,X'7379735F6669656C645F746162'),
	(25,X'E4B88AE7BAA7E5AFBCE888AA',1498526901,1,X'6E6176'),
	(26,X'E6B58BE8AF95E4BC9AE59198',1499255224,1,X'74657374'),
	(27,X'E6B58BE8AF95E6A8A1E59E8B',1499513841,1,X'626262');

/*!40000 ALTER TABLE `kt_sys_model` ENABLE KEYS */;
UNLOCK TABLES;


# Dump of table kt_sys_operation
# ------------------------------------------------------------

DROP TABLE IF EXISTS `kt_sys_operation`;

CREATE TABLE `kt_sys_operation` (
  `id` int(11) unsigned NOT NULL AUTO_INCREMENT,
  `name` varchar(255) COLLATE utf8mb4_bin DEFAULT NULL,
  `color_class` varchar(50) COLLATE utf8mb4_bin DEFAULT NULL,
  `event_class` varchar(50) COLLATE utf8mb4_bin DEFAULT NULL,
  `content` text COLLATE utf8mb4_bin,
  `open_type` tinyint(3) DEFAULT '0',
  `type` tinyint(1) DEFAULT '1',
  `sort` tinyint(1) DEFAULT NULL,
  `is_diy` tinyint(1) DEFAULT '1',
  `url` varchar(255) COLLATE utf8mb4_bin DEFAULT NULL,
  `icon_class` varchar(50) COLLATE utf8mb4_bin DEFAULT NULL,
  `color` varchar(50) COLLATE utf8mb4_bin DEFAULT NULL,
  `is_sys` tinyint(1) DEFAULT '0' COMMENT '0不是系统 1系统',
  `text` varchar(255) COLLATE utf8mb4_bin DEFAULT NULL,
  `status` tinyint(1) DEFAULT '1',
  PRIMARY KEY (`id`)
) ENGINE=InnoDB DEFAULT CHARSET=utf8mb4 COLLATE=utf8mb4_bin;

LOCK TABLES `kt_sys_operation` WRITE;
/*!40000 ALTER TABLE `kt_sys_operation` DISABLE KEYS */;

INSERT INTO `kt_sys_operation` (`id`, `name`, `color_class`, `event_class`, `content`, `open_type`, `type`, `sort`, `is_diy`, `url`, `icon_class`, `color`, `is_sys`, `text`, `status`)
VALUES
	(1,X'E698BEE7A4BA',X'62746E2D64656661756C74',X'775F6F70656E',NULL,3,1,90,1,X'',X'66612066612D67656E6465726C657373',X'23633236646234',1,X'',1),
	(2,X'E5A29EE58AA0',X'62746E2D7072696D617279',X'775F6F70656E',NULL,1,1,0,1,X'2F696E6465782E7068702F61646D696E2F636F6D6D6F6E2F656469745F646174613F6D656E755F69643D7B6D656E755F69647D2669643D30',X'66612066612D706C7573',X'23326135303636',1,NULL,1),
	(3,X'E7BC96E8BE91',X'62746E2D7072696D617279',X'775F6F70656E',NULL,1,2,2,1,X'2F696E6465782E7068702F61646D696E2F636F6D6D6F6E2F656469745F646174613F6D656E755F69643D7B6D656E755F69647D2669643D7B69647D',X'66612066612D65646974',X'23323337376439',1,NULL,1),
	(4,X'E588A0E999A4',X'62746E2D64616E676572',X'775F64656C',NULL,1,2,4,1,X'',X'66612066612D7472617368',X'23653032343565',1,NULL,1),
	(5,X'E69FA5E79C8B',X'62746E2D73756363657373',X'775F6F70656E',NULL,1,2,0,1,X'2F696E6465782E7068702F61646D696E2F636F6D6D6F6E2F646174615F64657461696C3F6D656E755F69643D7B6D656E755F69647D2669643D7B69647D',X'66612066612D65796520726564',X'23343362353563',1,X'E5A4A7E698AFE5A4A7E99D9E',1),
	(6,X'E689B9E9878FE588A0E999A4',X'62746E2D64616E676572',X'775F64656C73',NULL,1,1,6,1,X'',X'66612066612D7472617368',X'23663032393635',1,NULL,1),
	(7,X'E58685E5AEB9E58897E8A1A8',X'62746E2D7761726E696E67',X'775F6F70656E',NULL,1,2,5,1,X'2F696E6465782E7068702F61646D696E2F636F6D6D6F6E2F646174615F6C6973743F6D656E755F69643D3339267469643D7B69647D',X'66612066612D66696C652D746578742D6F',X'23366533303965',0,NULL,1),
	(8,X'E5AD97E6AEB5E7AEA1E79086',X'62746E2D64656661756C74',X'775F6F70656E',NULL,2,2,9,1,X'2F696E6465782E7068702F61646D696E2F646576656C6F702F6D6F64656C5F6669656C64732E68746D6C3F6D6F64656C5F69643D7B69647D',X'66612066612D68616E642D677261622D6F',X'23326563323834',1,NULL,1),
	(9,X'E590AFE794A8',X'62746E2D73756363657373',X'775F6F70656E',NULL,3,2,9,1,X'2F696E6465782E7068702F61646D696E2F636F6D6D6F6E2F6368616E67655F7374617475733F6D656E755F69643D7B6D656E755F69647D2669643D7B69647D267374617475733D31',X'66612066612D636865636B',X'23316164336136',1,X'3231323132',1),
	(10,X'E7A681E794A8',X'62746E2D64656661756C74',X'775F6F70656E',NULL,3,2,10,1,X'2F696E6465782E7068702F61646D696E2F636F6D6D6F6E2F6368616E67655F6669656C645F76616C75653F6D656E755F69643D7B6D656E755F69647D2669643D7B69647D267374617475733D2D31',X'66612066612D6D696E75732D636972636C65',X'23623162336233',1,X'71777177',1),
	(11,X'E69D83E99990E8AEBEE7BDAE',X'62746E2D7761726E696E67',X'775F6F70656E',NULL,1,2,0,1,X'2F696E6465782E7068702F61646D696E2F636F6D6D6F6E2F726F6C655F617574683F6D656E755F69643D7B6D656E755F69647D2669643D7B69647D',X'66612066612D6765617273',X'23366536313631',1,NULL,1),
	(12,X'E5AFBCE587BA657863656C',X'62746E2D7761726E696E67',X'775F6F70656E',NULL,2,1,30,1,X'2F696E6465782E7068702F61646D696E2F636F6D6D6F6E2F646174615F6C6973743F646F5F6578706F72743D31266D656E755F69643D7B6D656E755F69647D7B6D656E752E706172616D7D267365617263685F747970653D7B7365617263685F747970657D267B7373735F6669656C64737D3D7B7373735F6B6579737D',X'66612066612D66696C652D657863656C2D6F',X'23333361333630',1,X'2F696E6465782E7068702F61646D696E2F61646D696E2F64616F6368753F6D656E755F69643D7B6D656E755F69647D266D6F64656C5F69643D7B6D6F64656C5F69647D',1),
	(13,X'E5AD90E5AFBCE888AA',X'62746E2D73756363657373',X'775F6F70656E',NULL,1,2,3,1,X'2F696E6465782E7068702F61646D696E2F636F6D6D6F6E2F646174615F6C6973743F6D656E755F69643D33352675705F69643D7B69647D',X'66612066612D626F6F6B',NULL,0,NULL,-1);

/*!40000 ALTER TABLE `kt_sys_operation` ENABLE KEYS */;
UNLOCK TABLES;


# Dump of table kt_sys_role
# ------------------------------------------------------------

DROP TABLE IF EXISTS `kt_sys_role`;

CREATE TABLE `kt_sys_role` (
  `id` int(11) unsigned NOT NULL AUTO_INCREMENT,
  `name` varchar(255) COLLATE utf8mb4_bin NOT NULL,
  `auth_ids` text COLLATE utf8mb4_bin,
  `c_time` int(11) DEFAULT NULL,
  `status` tinyint(1) DEFAULT NULL,
  PRIMARY KEY (`id`)
) ENGINE=InnoDB DEFAULT CHARSET=utf8mb4 COLLATE=utf8mb4_bin;

LOCK TABLES `kt_sys_role` WRITE;
/*!40000 ALTER TABLE `kt_sys_role` DISABLE KEYS */;

INSERT INTO `kt_sys_role` (`id`, `name`, `auth_ids`, `c_time`, `status`)
VALUES
	(2,X'E8B685E7BAA7E7AEA1E79086E59198',X'7B2233223A5B2232222C2233222C2234222C2238225D2C223233223A5B2231225D2C2236223A5B2232222C2235222C2233225D2C223438223A5B2231222C2232222C2233222C2234222C2236225D2C2232223A5B2231222C2232222C2235222C2233222C2234222C2239222C223130225D2C223537223A5B2235222C2234225D2C223232223A5B2233225D2C223437223A5B2235222C2233225D2C223235223A5B2232222C223131222C2233222C2234222C2236225D2C223236223A5B2232222C2235222C2233222C2234222C2236222C2239222C223130225D2C223335223A5B2232222C2235222C2233222C2234222C2237222C2236222C2239222C223130222C223132225D2C223339223A5B2232222C2235222C2233222C2234222C2236222C2239222C223130225D2C223431223A5B2232222C2235222C2233222C2234222C2236222C2239222C223130225D2C223436223A5B2232222C2235222C2233222C2234222C2236225D2C223439223A5B2232225D2C223433223A5B2235222C2234222C2236225D2C223435223A5B2232222C2235222C2233222C2234222C2236225D2C223330223A5B2232222C2235222C223134222C2233222C2234222C2236222C2239222C223130225D2C223332223A5B2231222C2232222C2233222C2234225D2C223239223A5B2232222C2233222C2234222C2236222C2239222C223130222C223132225D7D',1493740075,1),
	(3,X'E69687E7ABA0E7AEA1E79086E59198',X'7B2233223A5B2232222C2233222C2234222C2238225D2C223233223A5B2231225D2C2236223A5B2232222C2235222C2233225D2C223134223A5B2231225D2C2232223A5B2231222C2232222C2235222C2233222C2234225D7D',1493740098,1);

/*!40000 ALTER TABLE `kt_sys_role` ENABLE KEYS */;
UNLOCK TABLES;


# Dump of table kt_sys_set
# ------------------------------------------------------------

DROP TABLE IF EXISTS `kt_sys_set`;

CREATE TABLE `kt_sys_set` (
  `id` int(11) unsigned NOT NULL AUTO_INCREMENT,
  `title` varchar(50) DEFAULT NULL,
  `keywords` varchar(255) DEFAULT NULL,
  `desc` varchar(255) DEFAULT NULL,
  `logo` varchar(255) DEFAULT NULL,
  `c_time` int(11) DEFAULT '0',
  `foot` varchar(255) NOT NULL,
  `qq` varchar(20) NOT NULL,
  `domain` varchar(255) DEFAULT NULL,
  `tel` varchar(20) DEFAULT NULL,
  `fax` varchar(50) DEFAULT NULL,
  `address` varchar(255) DEFAULT NULL,
  `email` varchar(50) DEFAULT NULL,
  `wx_img` varchar(255) DEFAULT NULL,
  `long` varchar(20) DEFAULT NULL,
  `lat` varchar(20) DEFAULT NULL,
  `is_edit_refash` tinyint(1) DEFAULT '1',
  `admin_page_limit` int(11) DEFAULT '0',
  `status` tinyint(1) DEFAULT '1',
  `field1` varchar(255) DEFAULT NULL,
  `field2` varchar(255) DEFAULT NULL,
  `wx_appid` varchar(50) DEFAULT NULL,
  `wx_appsecret` varchar(50) DEFAULT NULL,
  `share_title` varchar(50) DEFAULT NULL,
  `share_desc` varchar(50) DEFAULT NULL,
  `share_icon` varchar(255) DEFAULT NULL,
  PRIMARY KEY (`id`)
) ENGINE=InnoDB DEFAULT CHARSET=utf8mb4;

LOCK TABLES `kt_sys_set` WRITE;
/*!40000 ALTER TABLE `kt_sys_set` DISABLE KEYS */;

INSERT INTO `kt_sys_set` (`id`, `title`, `keywords`, `desc`, `logo`, `c_time`, `foot`, `qq`, `domain`, `tel`, `fax`, `address`, `email`, `wx_img`, `long`, `lat`, `is_edit_refash`, `admin_page_limit`, `status`, `field1`, `field2`, `wx_appid`, `wx_appsecret`, `share_title`, `share_desc`, `share_icon`)
VALUES
	(1,'1212','23232','2323','/uploads/20170621/2017062119090751515654.png',1493725784,'','1048277366','','','','','','/uploads/20170621/2017062119090099995799.png','136.11','56.33',1,20,1,'英国碧绿源作物营养保护有限公司是、研发、生产、销售为一体的国际集团。跟法国瑞士有机农业研究是长期的战略合作伙伴。 公司前期是英国有机农业研究所，成立于1872年。1955年成立碧绿源作物营养保护有限公司，一直致力于有机生态农业的发展',NULL,'wxdc8ce48d53284566','5cb756872e8497906508c76c2536a068','分享标题','分享描述','/uploads/20170623/2017062317343910253531.png');

/*!40000 ALTER TABLE `kt_sys_set` ENABLE KEYS */;
UNLOCK TABLES;


# Dump of table kt_sys_table
# ------------------------------------------------------------

DROP TABLE IF EXISTS `kt_sys_table`;

CREATE TABLE `kt_sys_table` (
  `id` int(11) unsigned NOT NULL AUTO_INCREMENT,
  `table` varchar(50) COLLATE utf8mb4_bin DEFAULT NULL,
  `remark` varchar(255) COLLATE utf8mb4_bin DEFAULT NULL,
  `engine` varchar(50) COLLATE utf8mb4_bin DEFAULT NULL,
  `c_time` int(11) DEFAULT '0',
  `status` tinyint(1) DEFAULT '1',
  PRIMARY KEY (`id`)
) ENGINE=InnoDB DEFAULT CHARSET=utf8mb4 COLLATE=utf8mb4_bin;



# Dump of table kt_user
# ------------------------------------------------------------

DROP TABLE IF EXISTS `kt_user`;

CREATE TABLE `kt_user` (
  `id` int(11) unsigned NOT NULL AUTO_INCREMENT,
  `name` varchar(50) COLLATE utf8mb4_bin NOT NULL,
  `pwd` varchar(50) COLLATE utf8mb4_bin NOT NULL,
  `sex` tinyint(1) NOT NULL DEFAULT '1',
  `touxiang` varchar(255) COLLATE utf8mb4_bin NOT NULL,
  `age` int(3) NOT NULL,
  `status` tinyint(1) NOT NULL,
  `rank_id` int(11) NOT NULL DEFAULT '0',
  PRIMARY KEY (`id`)
) ENGINE=InnoDB DEFAULT CHARSET=utf8mb4 COLLATE=utf8mb4_bin COMMENT=' 会员表';

LOCK TABLES `kt_user` WRITE;
/*!40000 ALTER TABLE `kt_user` DISABLE KEYS */;

INSERT INTO `kt_user` (`id`, `name`, `pwd`, `sex`, `touxiang`, `age`, `status`, `rank_id`)
VALUES
	(1,X'31',X'3238633865646465336436316130343131353131643362313836366630363336',1,X'2F75706C6F6164732F32303137303530332F323031373035303331303332303034383530343834392E6A7067',12,2,2),
	(2,X'32',X'3964623036626366663932343838333766383664316136626366343163396537',1,X'2F75706C6F6164732F32303137303730352F323031373037303531393236303339383938353235342E706E67',13,1,1);

/*!40000 ALTER TABLE `kt_user` ENABLE KEYS */;
UNLOCK TABLES;


# Dump of table kt_user_rank
# ------------------------------------------------------------

DROP TABLE IF EXISTS `kt_user_rank`;

CREATE TABLE `kt_user_rank` (
  `id` int(11) unsigned NOT NULL AUTO_INCREMENT,
  `name` varchar(50) COLLATE utf8mb4_bin NOT NULL DEFAULT '1',
  `tubiao` varchar(255) COLLATE utf8mb4_bin NOT NULL DEFAULT 'null',
  `status` tinyint(1) NOT NULL DEFAULT '1',
  PRIMARY KEY (`id`)
) ENGINE=InnoDB DEFAULT CHARSET=utf8mb4 COLLATE=utf8mb4_bin COMMENT='会员等级表';

LOCK TABLES `kt_user_rank` WRITE;
/*!40000 ALTER TABLE `kt_user_rank` DISABLE KEYS */;

INSERT INTO `kt_user_rank` (`id`, `name`, `tubiao`, `status`)
VALUES
	(1,X'E699AEE9809A',X'2F75706C6F6164732F32303137303730352F323031373037303531393232303731303235363537312E706E67',1),
	(2,X'E9AB98E7BAA7',X'2F75706C6F6164732F32303137303730352F323031373037303531393232313839373535393735322E706E67',1),
	(3,X'E789B9E68A80',X'2F75706C6F6164732F32303137303730352F323031373037303531393232313839373535393735322E706E67',1);

/*!40000 ALTER TABLE `kt_user_rank` ENABLE KEYS */;
UNLOCK TABLES;


# Dump of table kt_user_set
# ------------------------------------------------------------

DROP TABLE IF EXISTS `kt_user_set`;

CREATE TABLE `kt_user_set` (
  `id` int(11) unsigned NOT NULL AUTO_INCREMENT,
  `sex` int(3) NOT NULL,
  PRIMARY KEY (`id`)
) ENGINE=InnoDB DEFAULT CHARSET=utf8mb4 COLLATE=utf8mb4_bin COMMENT='会员设置';




/*!40111 SET SQL_NOTES=@OLD_SQL_NOTES */;
/*!40101 SET SQL_MODE=@OLD_SQL_MODE */;
/*!40014 SET FOREIGN_KEY_CHECKS=@OLD_FOREIGN_KEY_CHECKS */;
/*!40101 SET CHARACTER_SET_CLIENT=@OLD_CHARACTER_SET_CLIENT */;
/*!40101 SET CHARACTER_SET_RESULTS=@OLD_CHARACTER_SET_RESULTS */;
/*!40101 SET COLLATION_CONNECTION=@OLD_COLLATION_CONNECTION */;
